date,event_hour,decision_time,max_forecast_issue_used,max_baseline_history_day,max_scenario_error_day,pass
2025-01-01,0,2025-01-01T00:00:00,2025-01-01T00:00:00,-1,-2,True
2025-01-01,6,2025-01-01T06:00:00,2025-01-01T06:00:00,-1,-2,True
2025-01-01,12,2025-01-01T12:00:00,2025-01-01T12:00:00,-1,-2,True
2025-01-01,18,2025-01-01T18:00:00,2025-01-01T18:00:00,-1,-2,True
2025-01-02,0,2025-01-02T00:00:00,2025-01-02T00:00:00,0,-1,True
2025-01-02,6,2025-01-02T06:00:00,2025-01-02T06:00:00,0,-1,True
2025-01-02,12,2025-01-02T12:00:00,2025-01-02T12:00:00,0,-1,True
2025-01-02,18,2025-01-02T18:00:00,2025-01-02T18:00:00,0,-1,True
2025-01-03,0,2025-01-03T00:00:00,2025-01-03T00:00:00,1,0,True
2025-01-03,6,2025-01-03T06:00:00,2025-01-03T06:00:00,1,0,True
2025-01-03,12,2025-01-03T12:00:00,2025-01-03T12:00:00,1,0,True
2025-01-03,18,2025-01-03T18:00:00,2025-01-03T18:00:00,1,0,True
2025-01-04,0,2025-01-04T00:00:00,2025-01-04T00:00:00,2,1,True
2025-01-04,6,2025-01-04T06:00:00,2025-01-04T06:00:00,2,1,True
2025-01-04,12,2025-01-04T12:00:00,2025-01-04T12:00:00,2,1,True
2025-01-04,18,2025-01-04T18:00:00,2025-01-04T18:00:00,2,1,True
2025-01-05,0,2025-01-05T00:00:00,2025-01-05T00:00:00,3,2,True
2025-01-05,6,2025-01-05T06:00:00,2025-01-05T06:00:00,3,2,True
2025-01-05,12,2025-01-05T12:00:00,2025-01-05T12:00:00,3,2,True
2025-01-05,18,2025-01-05T18:00:00,2025-01-05T18:00:00,3,2,True
2025-01-06,0,2025-01-06T00:00:00,2025-01-06T00:00:00,4,3,True
2025-01-06,6,2025-01-06T06:00:00,2025-01-06T06:00:00,4,3,True
2025-01-06,12,2025-01-06T12:00:00,2025-01-06T12:00:00,4,3,True
2025-01-06,18,2025-01-06T18:00:00,2025-01-06T18:00:00,4,3,True
2025-01-07,0,2025-01-07T00:00:00,2025-01-07T00:00:00,5,4,True
2025-01-07,6,2025-01-07T06:00:00,2025-01-07T06:00:00,5,4,True
2025-01-07,12,2025-01-07T12:00:00,2025-01-07T12:00:00,5,4,True
2025-01-07,18,2025-01-07T18:00:00,2025-01-07T18:00:00,5,4,True
2025-01-08,0,2025-01-08T00:00:00,2025-01-08T00:00:00,6,5,True
2025-01-08,6,2025-01-08T06:00:00,2025-01-08T06:00:00,6,5,True
2025-01-08,12,2025-01-08T12:00:00,2025-01-08T12:00:00,6,5,True
2025-01-08,18,2025-01-08T18:00:00,2025-01-08T18:00:00,6,5,True
2025-01-09,0,2025-01-09T00:00:00,2025-01-09T00:00:00,7,6,True
2025-01-09,6,2025-01-09T06:00:00,2025-01-09T06:00:00,7,6,True
2025-01-09,12,2025-01-09T12:00:00,2025-01-09T12:00:00,7,6,True
2025-01-09,18,2025-01-09T18:00:00,2025-01-09T18:00:00,7,6,True
2025-01-10,0,2025-01-10T00:00:00,2025-01-10T00:00:00,8,7,True
2025-01-10,6,2025-01-10T06:00:00,2025-01-10T06:00:00,8,7,True
2025-01-10,12,2025-01-10T12:00:00,2025-01-10T12:00:00,8,7,True
2025-01-10,18,2025-01-10T18:00:00,2025-01-10T18:00:00,8,7,True
2025-01-11,0,2025-01-11T00:00:00,2025-01-11T00:00:00,9,8,True
2025-01-11,6,2025-01-11T06:00:00,2025-01-11T06:00:00,9,8,True
2025-01-11,12,2025-01-11T12:00:00,2025-01-11T12:00:00,9,8,True
2025-01-11,18,2025-01-11T18:00:00,2025-01-11T18:00:00,9,8,True
2025-01-12,0,2025-01-12T00:00:00,2025-01-12T00:00:00,10,9,True
2025-01-12,6,2025-01-12T06:00:00,2025-01-12T06:00:00,10,9,True
2025-01-12,12,2025-01-12T12:00:00,2025-01-12T12:00:00,10,9,True
2025-01-12,18,2025-01-12T18:00:00,2025-01-12T18:00:00,10,9,True
2025-01-13,0,2025-01-13T00:00:00,2025-01-13T00:00:00,11,10,True
2025-01-13,6,2025-01-13T06:00:00,2025-01-13T06:00:00,11,10,True
2025-01-13,12,2025-01-13T12:00:00,2025-01-13T12:00:00,11,10,True
2025-01-13,18,2025-01-13T18:00:00,2025-01-13T18:00:00,11,10,True
2025-01-14,0,2025-01-14T00:00:00,2025-01-14T00:00:00,12,11,True
2025-01-14,6,2025-01-14T06:00:00,2025-01-14T06:00:00,12,11,True
2025-01-14,12,2025-01-14T12:00:00,2025-01-14T12:00:00,12,11,True
2025-01-14,18,2025-01-14T18:00:00,2025-01-14T18:00:00,12,11,True
2025-01-15,0,2025-01-15T00:00:00,2025-01-15T00:00:00,13,12,True
2025-01-15,6,2025-01-15T06:00:00,2025-01-15T06:00:00,13,12,True
2025-01-15,12,2025-01-15T12:00:00,2025-01-15T12:00:00,13,12,True
2025-01-15,18,2025-01-15T18:00:00,2025-01-15T18:00:00,13,12,True
2025-01-16,0,2025-01-16T00:00:00,2025-01-16T00:00:00,14,13,True
2025-01-16,6,2025-01-16T06:00:00,2025-01-16T06:00:00,14,13,True
2025-01-16,12,2025-01-16T12:00:00,2025-01-16T12:00:00,14,13,True
2025-01-16,18,2025-01-16T18:00:00,2025-01-16T18:00:00,14,13,True
2025-01-17,0,2025-01-17T00:00:00,2025-01-17T00:00:00,15,14,True
2025-01-17,6,2025-01-17T06:00:00,2025-01-17T06:00:00,15,14,True
2025-01-17,12,2025-01-17T12:00:00,2025-01-17T12:00:00,15,14,True
2025-01-17,18,2025-01-17T18:00:00,2025-01-17T18:00:00,15,14,True
2025-01-18,0,2025-01-18T00:00:00,2025-01-18T00:00:00,16,15,True
2025-01-18,6,2025-01-18T06:00:00,2025-01-18T06:00:00,16,15,True
2025-01-18,12,2025-01-18T12:00:00,2025-01-18T12:00:00,16,15,True
2025-01-18,18,2025-01-18T18:00:00,2025-01-18T18:00:00,16,15,True
2025-01-19,0,2025-01-19T00:00:00,2025-01-19T00:00:00,17,16,True
2025-01-19,6,2025-01-19T06:00:00,2025-01-19T06:00:00,17,16,True
2025-01-19,12,2025-01-19T12:00:00,2025-01-19T12:00:00,17,16,True
2025-01-19,18,2025-01-19T18:00:00,2025-01-19T18:00:00,17,16,True
2025-01-20,0,2025-01-20T00:00:00,2025-01-20T00:00:00,18,17,True
2025-01-20,6,2025-01-20T06:00:00,2025-01-20T06:00:00,18,17,True
2025-01-20,12,2025-01-20T12:00:00,2025-01-20T12:00:00,18,17,True
2025-01-20,18,2025-01-20T18:00:00,2025-01-20T18:00:00,18,17,True
2025-01-21,0,2025-01-21T00:00:00,2025-01-21T00:00:00,19,18,True
2025-01-21,6,2025-01-21T06:00:00,2025-01-21T06:00:00,19,18,True
2025-01-21,12,2025-01-21T12:00:00,2025-01-21T12:00:00,19,18,True
2025-01-21,18,2025-01-21T18:00:00,2025-01-21T18:00:00,19,18,True
2025-01-22,0,2025-01-22T00:00:00,2025-01-22T00:00:00,20,19,True
2025-01-22,6,2025-01-22T06:00:00,2025-01-22T06:00:00,20,19,True
2025-01-22,12,2025-01-22T12:00:00,2025-01-22T12:00:00,20,19,True
2025-01-22,18,2025-01-22T18:00:00,2025-01-22T18:00:00,20,19,True
2025-01-23,0,2025-01-23T00:00:00,2025-01-23T00:00:00,21,20,True
2025-01-23,6,2025-01-23T06:00:00,2025-01-23T06:00:00,21,20,True
2025-01-23,12,2025-01-23T12:00:00,2025-01-23T12:00:00,21,20,True
2025-01-23,18,2025-01-23T18:00:00,2025-01-23T18:00:00,21,20,True
2025-01-24,0,2025-01-24T00:00:00,2025-01-24T00:00:00,22,21,True
2025-01-24,6,2025-01-24T06:00:00,2025-01-24T06:00:00,22,21,True
2025-01-24,12,2025-01-24T12:00:00,2025-01-24T12:00:00,22,21,True
2025-01-24,18,2025-01-24T18:00:00,2025-01-24T18:00:00,22,21,True
2025-01-25,0,2025-01-25T00:00:00,2025-01-25T00:00:00,23,22,True
2025-01-25,6,2025-01-25T06:00:00,2025-01-25T06:00:00,23,22,True
2025-01-25,12,2025-01-25T12:00:00,2025-01-25T12:00:00,23,22,True
2025-01-25,18,2025-01-25T18:00:00,2025-01-25T18:00:00,23,22,True
2025-01-26,0,2025-01-26T00:00:00,2025-01-26T00:00:00,24,23,True
2025-01-26,6,2025-01-26T06:00:00,2025-01-26T06:00:00,24,23,True
2025-01-26,12,2025-01-26T12:00:00,2025-01-26T12:00:00,24,23,True
2025-01-26,18,2025-01-26T18:00:00,2025-01-26T18:00:00,24,23,True
2025-01-27,0,2025-01-27T00:00:00,2025-01-27T00:00:00,25,24,True
2025-01-27,6,2025-01-27T06:00:00,2025-01-27T06:00:00,25,24,True
2025-01-27,12,2025-01-27T12:00:00,2025-01-27T12:00:00,25,24,True
2025-01-27,18,2025-01-27T18:00:00,2025-01-27T18:00:00,25,24,True
2025-01-28,0,2025-01-28T00:00:00,2025-01-28T00:00:00,26,25,True
2025-01-28,6,2025-01-28T06:00:00,2025-01-28T06:00:00,26,25,True
2025-01-28,12,2025-01-28T12:00:00,2025-01-28T12:00:00,26,25,True
2025-01-28,18,2025-01-28T18:00:00,2025-01-28T18:00:00,26,25,True
2025-01-29,0,2025-01-29T00:00:00,2025-01-29T00:00:00,27,26,True
2025-01-29,6,2025-01-29T06:00:00,2025-01-29T06:00:00,27,26,True
2025-01-29,12,2025-01-29T12:00:00,2025-01-29T12:00:00,27,26,True
2025-01-29,18,2025-01-29T18:00:00,2025-01-29T18:00:00,27,26,True
2025-01-30,0,2025-01-30T00:00:00,2025-01-30T00:00:00,28,27,True
2025-01-30,6,2025-01-30T06:00:00,2025-01-30T06:00:00,28,27,True
2025-01-30,12,2025-01-30T12:00:00,2025-01-30T12:00:00,28,27,True
2025-01-30,18,2025-01-30T18:00:00,2025-01-30T18:00:00,28,27,True
2025-01-31,0,2025-01-31T00:00:00,2025-01-31T00:00:00,29,28,True
2025-01-31,6,2025-01-31T06:00:00,2025-01-31T06:00:00,29,28,True
2025-01-31,12,2025-01-31T12:00:00,2025-01-31T12:00:00,29,28,True
2025-01-31,18,2025-01-31T18:00:00,2025-01-31T18:00:00,29,28,True
2025-02-01,0,2025-02-01T00:00:00,2025-02-01T00:00:00,30,29,True
2025-02-01,6,2025-02-01T06:00:00,2025-02-01T06:00:00,30,29,True
2025-02-01,12,2025-02-01T12:00:00,2025-02-01T12:00:00,30,29,True
2025-02-01,18,2025-02-01T18:00:00,2025-02-01T18:00:00,30,29,True
2025-02-02,0,2025-02-02T00:00:00,2025-02-02T00:00:00,31,30,True
2025-02-02,6,2025-02-02T06:00:00,2025-02-02T06:00:00,31,30,True
2025-02-02,12,2025-02-02T12:00:00,2025-02-02T12:00:00,31,30,True
2025-02-02,18,2025-02-02T18:00:00,2025-02-02T18:00:00,31,30,True
2025-02-03,0,2025-02-03T00:00:00,2025-02-03T00:00:00,32,31,True
2025-02-03,6,2025-02-03T06:00:00,2025-02-03T06:00:00,32,31,True
2025-02-03,12,2025-02-03T12:00:00,2025-02-03T12:00:00,32,31,True
2025-02-03,18,2025-02-03T18:00:00,2025-02-03T18:00:00,32,31,True
2025-02-04,0,2025-02-04T00:00:00,2025-02-04T00:00:00,33,32,True
2025-02-04,6,2025-02-04T06:00:00,2025-02-04T06:00:00,33,32,True
2025-02-04,12,2025-02-04T12:00:00,2025-02-04T12:00:00,33,32,True
2025-02-04,18,2025-02-04T18:00:00,2025-02-04T18:00:00,33,32,True
2025-02-05,0,2025-02-05T00:00:00,2025-02-05T00:00:00,34,33,True
2025-02-05,6,2025-02-05T06:00:00,2025-02-05T06:00:00,34,33,True
2025-02-05,12,2025-02-05T12:00:00,2025-02-05T12:00:00,34,33,True
2025-02-05,18,2025-02-05T18:00:00,2025-02-05T18:00:00,34,33,True
2025-02-06,0,2025-02-06T00:00:00,2025-02-06T00:00:00,35,34,True
2025-02-06,6,2025-02-06T06:00:00,2025-02-06T06:00:00,35,34,True
2025-02-06,12,2025-02-06T12:00:00,2025-02-06T12:00:00,35,34,True
2025-02-06,18,2025-02-06T18:00:00,2025-02-06T18:00:00,35,34,True
2025-02-07,0,2025-02-07T00:00:00,2025-02-07T00:00:00,36,35,True
2025-02-07,6,2025-02-07T06:00:00,2025-02-07T06:00:00,36,35,True
2025-02-07,12,2025-02-07T12:00:00,2025-02-07T12:00:00,36,35,True
2025-02-07,18,2025-02-07T18:00:00,2025-02-07T18:00:00,36,35,True
2025-02-08,0,2025-02-08T00:00:00,2025-02-08T00:00:00,37,36,True
2025-02-08,6,2025-02-08T06:00:00,2025-02-08T06:00:00,37,36,True
2025-02-08,12,2025-02-08T12:00:00,2025-02-08T12:00:00,37,36,True
2025-02-08,18,2025-02-08T18:00:00,2025-02-08T18:00:00,37,36,True
2025-02-09,0,2025-02-09T00:00:00,2025-02-09T00:00:00,38,37,True
2025-02-09,6,2025-02-09T06:00:00,2025-02-09T06:00:00,38,37,True
2025-02-09,12,2025-02-09T12:00:00,2025-02-09T12:00:00,38,37,True
2025-02-09,18,2025-02-09T18:00:00,2025-02-09T18:00:00,38,37,True
2025-02-10,0,2025-02-10T00:00:00,2025-02-10T00:00:00,39,38,True
2025-02-10,6,2025-02-10T06:00:00,2025-02-10T06:00:00,39,38,True
2025-02-10,12,2025-02-10T12:00:00,2025-02-10T12:00:00,39,38,True
2025-02-10,18,2025-02-10T18:00:00,2025-02-10T18:00:00,39,38,True
2025-02-11,0,2025-02-11T00:00:00,2025-02-11T00:00:00,40,39,True
2025-02-11,6,2025-02-11T06:00:00,2025-02-11T06:00:00,40,39,True
2025-02-11,12,2025-02-11T12:00:00,2025-02-11T12:00:00,40,39,True
2025-02-11,18,2025-02-11T18:00:00,2025-02-11T18:00:00,40,39,True
2025-02-12,0,2025-02-12T00:00:00,2025-02-12T00:00:00,41,40,True
2025-02-12,6,2025-02-12T06:00:00,2025-02-12T06:00:00,41,40,True
2025-02-12,12,2025-02-12T12:00:00,2025-02-12T12:00:00,41,40,True
2025-02-12,18,2025-02-12T18:00:00,2025-02-12T18:00:00,41,40,True
2025-02-13,0,2025-02-13T00:00:00,2025-02-13T00:00:00,42,41,True
2025-02-13,6,2025-02-13T06:00:00,2025-02-13T06:00:00,42,41,True
2025-02-13,12,2025-02-13T12:00:00,2025-02-13T12:00:00,42,41,True
2025-02-13,18,2025-02-13T18:00:00,2025-02-13T18:00:00,42,41,True
2025-02-14,0,2025-02-14T00:00:00,2025-02-14T00:00:00,43,42,True
2025-02-14,6,2025-02-14T06:00:00,2025-02-14T06:00:00,43,42,True
2025-02-14,12,2025-02-14T12:00:00,2025-02-14T12:00:00,43,42,True
2025-02-14,18,2025-02-14T18:00:00,2025-02-14T18:00:00,43,42,True
2025-02-15,0,2025-02-15T00:00:00,2025-02-15T00:00:00,44,43,True
2025-02-15,6,2025-02-15T06:00:00,2025-02-15T06:00:00,44,43,True
2025-02-15,12,2025-02-15T12:00:00,2025-02-15T12:00:00,44,43,True
2025-02-15,18,2025-02-15T18:00:00,2025-02-15T18:00:00,44,43,True
2025-02-16,0,2025-02-16T00:00:00,2025-02-16T00:00:00,45,44,True
2025-02-16,6,2025-02-16T06:00:00,2025-02-16T06:00:00,45,44,True
2025-02-16,12,2025-02-16T12:00:00,2025-02-16T12:00:00,45,44,True
2025-02-16,18,2025-02-16T18:00:00,2025-02-16T18:00:00,45,44,True
2025-02-17,0,2025-02-17T00:00:00,2025-02-17T00:00:00,46,45,True
2025-02-17,6,2025-02-17T06:00:00,2025-02-17T06:00:00,46,45,True
2025-02-17,12,2025-02-17T12:00:00,2025-02-17T12:00:00,46,45,True
2025-02-17,18,2025-02-17T18:00:00,2025-02-17T18:00:00,46,45,True
2025-02-18,0,2025-02-18T00:00:00,2025-02-18T00:00:00,47,46,True
2025-02-18,6,2025-02-18T06:00:00,2025-02-18T06:00:00,47,46,True
2025-02-18,12,2025-02-18T12:00:00,2025-02-18T12:00:00,47,46,True
2025-02-18,18,2025-02-18T18:00:00,2025-02-18T18:00:00,47,46,True
2025-02-19,0,2025-02-19T00:00:00,2025-02-19T00:00:00,48,47,True
2025-02-19,6,2025-02-19T06:00:00,2025-02-19T06:00:00,48,47,True
2025-02-19,12,2025-02-19T12:00:00,2025-02-19T12:00:00,48,47,True
2025-02-19,18,2025-02-19T18:00:00,2025-02-19T18:00:00,48,47,True
2025-02-20,0,2025-02-20T00:00:00,2025-02-20T00:00:00,49,48,True
2025-02-20,6,2025-02-20T06:00:00,2025-02-20T06:00:00,49,48,True
2025-02-20,12,2025-02-20T12:00:00,2025-02-20T12:00:00,49,48,True
2025-02-20,18,2025-02-20T18:00:00,2025-02-20T18:00:00,49,48,True
2025-02-21,0,2025-02-21T00:00:00,2025-02-21T00:00:00,50,49,True
2025-02-21,6,2025-02-21T06:00:00,2025-02-21T06:00:00,50,49,True
2025-02-21,12,2025-02-21T12:00:00,2025-02-21T12:00:00,50,49,True
2025-02-21,18,2025-02-21T18:00:00,2025-02-21T18:00:00,50,49,True
2025-02-22,0,2025-02-22T00:00:00,2025-02-22T00:00:00,51,50,True
2025-02-22,6,2025-02-22T06:00:00,2025-02-22T06:00:00,51,50,True
2025-02-22,12,2025-02-22T12:00:00,2025-02-22T12:00:00,51,50,True
2025-02-22,18,2025-02-22T18:00:00,2025-02-22T18:00:00,51,50,True
2025-02-23,0,2025-02-23T00:00:00,2025-02-23T00:00:00,52,51,True
2025-02-23,6,2025-02-23T06:00:00,2025-02-23T06:00:00,52,51,True
2025-02-23,12,2025-02-23T12:00:00,2025-02-23T12:00:00,52,51,True
2025-02-23,18,2025-02-23T18:00:00,2025-02-23T18:00:00,52,51,True
2025-02-24,0,2025-02-24T00:00:00,2025-02-24T00:00:00,53,52,True
2025-02-24,6,2025-02-24T06:00:00,2025-02-24T06:00:00,53,52,True
2025-02-24,12,2025-02-24T12:00:00,2025-02-24T12:00:00,53,52,True
2025-02-24,18,2025-02-24T18:00:00,2025-02-24T18:00:00,53,52,True
2025-02-25,0,2025-02-25T00:00:00,2025-02-25T00:00:00,54,53,True
2025-02-25,6,2025-02-25T06:00:00,2025-02-25T06:00:00,54,53,True
2025-02-25,12,2025-02-25T12:00:00,2025-02-25T12:00:00,54,53,True
2025-02-25,18,2025-02-25T18:00:00,2025-02-25T18:00:00,54,53,True
2025-02-26,0,2025-02-26T00:00:00,2025-02-26T00:00:00,55,54,True
2025-02-26,6,2025-02-26T06:00:00,2025-02-26T06:00:00,55,54,True
2025-02-26,12,2025-02-26T12:00:00,2025-02-26T12:00:00,55,54,True
2025-02-26,18,2025-02-26T18:00:00,2025-02-26T18:00:00,55,54,True
2025-02-27,0,2025-02-27T00:00:00,2025-02-27T00:00:00,56,55,True
2025-02-27,6,2025-02-27T06:00:00,2025-02-27T06:00:00,56,55,True
2025-02-27,12,2025-02-27T12:00:00,2025-02-27T12:00:00,56,55,True
2025-02-27,18,2025-02-27T18:00:00,2025-02-27T18:00:00,56,55,True
2025-02-28,0,2025-02-28T00:00:00,2025-02-28T00:00:00,57,56,True
2025-02-28,6,2025-02-28T06:00:00,2025-02-28T06:00:00,57,56,True
2025-02-28,12,2025-02-28T12:00:00,2025-02-28T12:00:00,57,56,True
2025-02-28,18,2025-02-28T18:00:00,2025-02-28T18:00:00,57,56,True
2025-03-01,0,2025-03-01T00:00:00,2025-03-01T00:00:00,58,57,True
2025-03-01,6,2025-03-01T06:00:00,2025-03-01T06:00:00,58,57,True
2025-03-01,12,2025-03-01T12:00:00,2025-03-01T12:00:00,58,57,True
2025-03-01,18,2025-03-01T18:00:00,2025-03-01T18:00:00,58,57,True
2025-03-02,0,2025-03-02T00:00:00,2025-03-02T00:00:00,59,58,True
2025-03-02,6,2025-03-02T06:00:00,2025-03-02T06:00:00,59,58,True
2025-03-02,12,2025-03-02T12:00:00,2025-03-02T12:00:00,59,58,True
2025-03-02,18,2025-03-02T18:00:00,2025-03-02T18:00:00,59,58,True
2025-03-03,0,2025-03-03T00:00:00,2025-03-03T00:00:00,60,59,True
2025-03-03,6,2025-03-03T06:00:00,2025-03-03T06:00:00,60,59,True
2025-03-03,12,2025-03-03T12:00:00,2025-03-03T12:00:00,60,59,True
2025-03-03,18,2025-03-03T18:00:00,2025-03-03T18:00:00,60,59,True
2025-03-04,0,2025-03-04T00:00:00,2025-03-04T00:00:00,61,60,True
2025-03-04,6,2025-03-04T06:00:00,2025-03-04T06:00:00,61,60,True
2025-03-04,12,2025-03-04T12:00:00,2025-03-04T12:00:00,61,60,True
2025-03-04,18,2025-03-04T18:00:00,2025-03-04T18:00:00,61,60,True
2025-03-05,0,2025-03-05T00:00:00,2025-03-05T00:00:00,62,61,True
2025-03-05,6,2025-03-05T06:00:00,2025-03-05T06:00:00,62,61,True
2025-03-05,12,2025-03-05T12:00:00,2025-03-05T12:00:00,62,61,True
2025-03-05,18,2025-03-05T18:00:00,2025-03-05T18:00:00,62,61,True
2025-03-06,0,2025-03-06T00:00:00,2025-03-06T00:00:00,63,62,True
2025-03-06,6,2025-03-06T06:00:00,2025-03-06T06:00:00,63,62,True
2025-03-06,12,2025-03-06T12:00:00,2025-03-06T12:00:00,63,62,True
2025-03-06,18,2025-03-06T18:00:00,2025-03-06T18:00:00,63,62,True
2025-03-07,0,2025-03-07T00:00:00,2025-03-07T00:00:00,64,63,True
2025-03-07,6,2025-03-07T06:00:00,2025-03-07T06:00:00,64,63,True
2025-03-07,12,2025-03-07T12:00:00,2025-03-07T12:00:00,64,63,True
2025-03-07,18,2025-03-07T18:00:00,2025-03-07T18:00:00,64,63,True
2025-03-08,0,2025-03-08T00:00:00,2025-03-08T00:00:00,65,64,True
2025-03-08,6,2025-03-08T06:00:00,2025-03-08T06:00:00,65,64,True
2025-03-08,12,2025-03-08T12:00:00,2025-03-08T12:00:00,65,64,True
2025-03-08,18,2025-03-08T18:00:00,2025-03-08T18:00:00,65,64,True
2025-03-09,0,2025-03-09T00:00:00,2025-03-09T00:00:00,66,65,True
2025-03-09,6,2025-03-09T06:00:00,2025-03-09T06:00:00,66,65,True
2025-03-09,12,2025-03-09T12:00:00,2025-03-09T12:00:00,66,65,True
2025-03-09,18,2025-03-09T18:00:00,2025-03-09T18:00:00,66,65,True
2025-03-10,0,2025-03-10T00:00:00,2025-03-10T00:00:00,67,66,True
2025-03-10,6,2025-03-10T06:00:00,2025-03-10T06:00:00,67,66,True
2025-03-10,12,2025-03-10T12:00:00,2025-03-10T12:00:00,67,66,True
2025-03-10,18,2025-03-10T18:00:00,2025-03-10T18:00:00,67,66,True
2025-03-11,0,2025-03-11T00:00:00,2025-03-11T00:00:00,68,67,True
2025-03-11,6,2025-03-11T06:00:00,2025-03-11T06:00:00,68,67,True
2025-03-11,12,2025-03-11T12:00:00,2025-03-11T12:00:00,68,67,True
2025-03-11,18,2025-03-11T18:00:00,2025-03-11T18:00:00,68,67,True
2025-03-12,0,2025-03-12T00:00:00,2025-03-12T00:00:00,69,68,True
2025-03-12,6,2025-03-12T06:00:00,2025-03-12T06:00:00,69,68,True
2025-03-12,12,2025-03-12T12:00:00,2025-03-12T12:00:00,69,68,True
2025-03-12,18,2025-03-12T18:00:00,2025-03-12T18:00:00,69,68,True
2025-03-13,0,2025-03-13T00:00:00,2025-03-13T00:00:00,70,69,True
2025-03-13,6,2025-03-13T06:00:00,2025-03-13T06:00:00,70,69,True
2025-03-13,12,2025-03-13T12:00:00,2025-03-13T12:00:00,70,69,True
2025-03-13,18,2025-03-13T18:00:00,2025-03-13T18:00:00,70,69,True
2025-03-14,0,2025-03-14T00:00:00,2025-03-14T00:00:00,71,70,True
2025-03-14,6,2025-03-14T06:00:00,2025-03-14T06:00:00,71,70,True
2025-03-14,12,2025-03-14T12:00:00,2025-03-14T12:00:00,71,70,True
2025-03-14,18,2025-03-14T18:00:00,2025-03-14T18:00:00,71,70,True
2025-03-15,0,2025-03-15T00:00:00,2025-03-15T00:00:00,72,71,True
2025-03-15,6,2025-03-15T06:00:00,2025-03-15T06:00:00,72,71,True
2025-03-15,12,2025-03-15T12:00:00,2025-03-15T12:00:00,72,71,True
2025-03-15,18,2025-03-15T18:00:00,2025-03-15T18:00:00,72,71,True
2025-03-16,0,2025-03-16T00:00:00,2025-03-16T00:00:00,73,72,True
2025-03-16,6,2025-03-16T06:00:00,2025-03-16T06:00:00,73,72,True
2025-03-16,12,2025-03-16T12:00:00,2025-03-16T12:00:00,73,72,True
2025-03-16,18,2025-03-16T18:00:00,2025-03-16T18:00:00,73,72,True
2025-03-17,0,2025-03-17T00:00:00,2025-03-17T00:00:00,74,73,True
2025-03-17,6,2025-03-17T06:00:00,2025-03-17T06:00:00,74,73,True
2025-03-17,12,2025-03-17T12:00:00,2025-03-17T12:00:00,74,73,True
2025-03-17,18,2025-03-17T18:00:00,2025-03-17T18:00:00,74,73,True
2025-03-18,0,2025-03-18T00:00:00,2025-03-18T00:00:00,75,74,True
2025-03-18,6,2025-03-18T06:00:00,2025-03-18T06:00:00,75,74,True
2025-03-18,12,2025-03-18T12:00:00,2025-03-18T12:00:00,75,74,True
2025-03-18,18,2025-03-18T18:00:00,2025-03-18T18:00:00,75,74,True
2025-03-19,0,2025-03-19T00:00:00,2025-03-19T00:00:00,76,75,True
2025-03-19,6,2025-03-19T06:00:00,2025-03-19T06:00:00,76,75,True
2025-03-19,12,2025-03-19T12:00:00,2025-03-19T12:00:00,76,75,True
2025-03-19,18,2025-03-19T18:00:00,2025-03-19T18:00:00,76,75,True
2025-03-20,0,2025-03-20T00:00:00,2025-03-20T00:00:00,77,76,True
2025-03-20,6,2025-03-20T06:00:00,2025-03-20T06:00:00,77,76,True
2025-03-20,12,2025-03-20T12:00:00,2025-03-20T12:00:00,77,76,True
2025-03-20,18,2025-03-20T18:00:00,2025-03-20T18:00:00,77,76,True
2025-03-21,0,2025-03-21T00:00:00,2025-03-21T00:00:00,78,77,True
2025-03-21,6,2025-03-21T06:00:00,2025-03-21T06:00:00,78,77,True
2025-03-21,12,2025-03-21T12:00:00,2025-03-21T12:00:00,78,77,True
2025-03-21,18,2025-03-21T18:00:00,2025-03-21T18:00:00,78,77,True
2025-03-22,0,2025-03-22T00:00:00,2025-03-22T00:00:00,79,78,True
2025-03-22,6,2025-03-22T06:00:00,2025-03-22T06:00:00,79,78,True
2025-03-22,12,2025-03-22T12:00:00,2025-03-22T12:00:00,79,78,True
2025-03-22,18,2025-03-22T18:00:00,2025-03-22T18:00:00,79,78,True
2025-03-23,0,2025-03-23T00:00:00,2025-03-23T00:00:00,80,79,True
2025-03-23,6,2025-03-23T06:00:00,2025-03-23T06:00:00,80,79,True
2025-03-23,12,2025-03-23T12:00:00,2025-03-23T12:00:00,80,79,True
2025-03-23,18,2025-03-23T18:00:00,2025-03-23T18:00:00,80,79,True
2025-03-24,0,2025-03-24T00:00:00,2025-03-24T00:00:00,81,80,True
2025-03-24,6,2025-03-24T06:00:00,2025-03-24T06:00:00,81,80,True
2025-03-24,12,2025-03-24T12:00:00,2025-03-24T12:00:00,81,80,True
2025-03-24,18,2025-03-24T18:00:00,2025-03-24T18:00:00,81,80,True
2025-03-25,0,2025-03-25T00:00:00,2025-03-25T00:00:00,82,81,True
2025-03-25,6,2025-03-25T06:00:00,2025-03-25T06:00:00,82,81,True
2025-03-25,12,2025-03-25T12:00:00,2025-03-25T12:00:00,82,81,True
2025-03-25,18,2025-03-25T18:00:00,2025-03-25T18:00:00,82,81,True
2025-03-26,0,2025-03-26T00:00:00,2025-03-26T00:00:00,83,82,True
2025-03-26,6,2025-03-26T06:00:00,2025-03-26T06:00:00,83,82,True
2025-03-26,12,2025-03-26T12:00:00,2025-03-26T12:00:00,83,82,True
2025-03-26,18,2025-03-26T18:00:00,2025-03-26T18:00:00,83,82,True
2025-03-27,0,2025-03-27T00:00:00,2025-03-27T00:00:00,84,83,True
2025-03-27,6,2025-03-27T06:00:00,2025-03-27T06:00:00,84,83,True
2025-03-27,12,2025-03-27T12:00:00,2025-03-27T12:00:00,84,83,True
2025-03-27,18,2025-03-27T18:00:00,2025-03-27T18:00:00,84,83,True
2025-03-28,0,2025-03-28T00:00:00,2025-03-28T00:00:00,85,84,True
2025-03-28,6,2025-03-28T06:00:00,2025-03-28T06:00:00,85,84,True
2025-03-28,12,2025-03-28T12:00:00,2025-03-28T12:00:00,85,84,True
2025-03-28,18,2025-03-28T18:00:00,2025-03-28T18:00:00,85,84,True
2025-03-29,0,2025-03-29T00:00:00,2025-03-29T00:00:00,86,85,True
2025-03-29,6,2025-03-29T06:00:00,2025-03-29T06:00:00,86,85,True
2025-03-29,12,2025-03-29T12:00:00,2025-03-29T12:00:00,86,85,True
2025-03-29,18,2025-03-29T18:00:00,2025-03-29T18:00:00,86,85,True
2025-03-30,0,2025-03-30T00:00:00,2025-03-30T00:00:00,87,86,True
2025-03-30,6,2025-03-30T06:00:00,2025-03-30T06:00:00,87,86,True
2025-03-30,12,2025-03-30T12:00:00,2025-03-30T12:00:00,87,86,True
2025-03-30,18,2025-03-30T18:00:00,2025-03-30T18:00:00,87,86,True
2025-03-31,0,2025-03-31T00:00:00,2025-03-31T00:00:00,88,87,True
2025-03-31,6,2025-03-31T06:00:00,2025-03-31T06:00:00,88,87,True
2025-03-31,12,2025-03-31T12:00:00,2025-03-31T12:00:00,88,87,True
2025-03-31,18,2025-03-31T18:00:00,2025-03-31T18:00:00,88,87,True
2025-04-01,0,2025-04-01T00:00:00,2025-04-01T00:00:00,89,88,True
2025-04-01,6,2025-04-01T06:00:00,2025-04-01T06:00:00,89,88,True
2025-04-01,12,2025-04-01T12:00:00,2025-04-01T12:00:00,89,88,True
2025-04-01,18,2025-04-01T18:00:00,2025-04-01T18:00:00,89,88,True
2025-04-02,0,2025-04-02T00:00:00,2025-04-02T00:00:00,90,89,True
2025-04-02,6,2025-04-02T06:00:00,2025-04-02T06:00:00,90,89,True
2025-04-02,12,2025-04-02T12:00:00,2025-04-02T12:00:00,90,89,True
2025-04-02,18,2025-04-02T18:00:00,2025-04-02T18:00:00,90,89,True
2025-04-03,0,2025-04-03T00:00:00,2025-04-03T00:00:00,91,90,True
2025-04-03,6,2025-04-03T06:00:00,2025-04-03T06:00:00,91,90,True
2025-04-03,12,2025-04-03T12:00:00,2025-04-03T12:00:00,91,90,True
2025-04-03,18,2025-04-03T18:00:00,2025-04-03T18:00:00,91,90,True
2025-04-04,0,2025-04-04T00:00:00,2025-04-04T00:00:00,92,91,True
2025-04-04,6,2025-04-04T06:00:00,2025-04-04T06:00:00,92,91,True
2025-04-04,12,2025-04-04T12:00:00,2025-04-04T12:00:00,92,91,True
2025-04-04,18,2025-04-04T18:00:00,2025-04-04T18:00:00,92,91,True
2025-04-05,0,2025-04-05T00:00:00,2025-04-05T00:00:00,93,92,True
2025-04-05,6,2025-04-05T06:00:00,2025-04-05T06:00:00,93,92,True
2025-04-05,12,2025-04-05T12:00:00,2025-04-05T12:00:00,93,92,True
2025-04-05,18,2025-04-05T18:00:00,2025-04-05T18:00:00,93,92,True
2025-04-06,0,2025-04-06T00:00:00,2025-04-06T00:00:00,94,93,True
2025-04-06,6,2025-04-06T06:00:00,2025-04-06T06:00:00,94,93,True
2025-04-06,12,2025-04-06T12:00:00,2025-04-06T12:00:00,94,93,True
2025-04-06,18,2025-04-06T18:00:00,2025-04-06T18:00:00,94,93,True
2025-04-07,0,2025-04-07T00:00:00,2025-04-07T00:00:00,95,94,True
2025-04-07,6,2025-04-07T06:00:00,2025-04-07T06:00:00,95,94,True
2025-04-07,12,2025-04-07T12:00:00,2025-04-07T12:00:00,95,94,True
2025-04-07,18,2025-04-07T18:00:00,2025-04-07T18:00:00,95,94,True
2025-04-08,0,2025-04-08T00:00:00,2025-04-08T00:00:00,96,95,True
2025-04-08,6,2025-04-08T06:00:00,2025-04-08T06:00:00,96,95,True
2025-04-08,12,2025-04-08T12:00:00,2025-04-08T12:00:00,96,95,True
2025-04-08,18,2025-04-08T18:00:00,2025-04-08T18:00:00,96,95,True
2025-04-09,0,2025-04-09T00:00:00,2025-04-09T00:00:00,97,96,True
2025-04-09,6,2025-04-09T06:00:00,2025-04-09T06:00:00,97,96,True
2025-04-09,12,2025-04-09T12:00:00,2025-04-09T12:00:00,97,96,True
2025-04-09,18,2025-04-09T18:00:00,2025-04-09T18:00:00,97,96,True
2025-04-10,0,2025-04-10T00:00:00,2025-04-10T00:00:00,98,97,True
2025-04-10,6,2025-04-10T06:00:00,2025-04-10T06:00:00,98,97,True
2025-04-10,12,2025-04-10T12:00:00,2025-04-10T12:00:00,98,97,True
2025-04-10,18,2025-04-10T18:00:00,2025-04-10T18:00:00,98,97,True
2025-04-11,0,2025-04-11T00:00:00,2025-04-11T00:00:00,99,98,True
2025-04-11,6,2025-04-11T06:00:00,2025-04-11T06:00:00,99,98,True
2025-04-11,12,2025-04-11T12:00:00,2025-04-11T12:00:00,99,98,True
2025-04-11,18,2025-04-11T18:00:00,2025-04-11T18:00:00,99,98,True
2025-04-12,0,2025-04-12T00:00:00,2025-04-12T00:00:00,100,99,True
2025-04-12,6,2025-04-12T06:00:00,2025-04-12T06:00:00,100,99,True
2025-04-12,12,2025-04-12T12:00:00,2025-04-12T12:00:00,100,99,True
2025-04-12,18,2025-04-12T18:00:00,2025-04-12T18:00:00,100,99,True
2025-04-13,0,2025-04-13T00:00:00,2025-04-13T00:00:00,101,100,True
2025-04-13,6,2025-04-13T06:00:00,2025-04-13T06:00:00,101,100,True
2025-04-13,12,2025-04-13T12:00:00,2025-04-13T12:00:00,101,100,True
2025-04-13,18,2025-04-13T18:00:00,2025-04-13T18:00:00,101,100,True
2025-04-14,0,2025-04-14T00:00:00,2025-04-14T00:00:00,102,101,True
2025-04-14,6,2025-04-14T06:00:00,2025-04-14T06:00:00,102,101,True
2025-04-14,12,2025-04-14T12:00:00,2025-04-14T12:00:00,102,101,True
2025-04-14,18,2025-04-14T18:00:00,2025-04-14T18:00:00,102,101,True
2025-04-15,0,2025-04-15T00:00:00,2025-04-15T00:00:00,103,102,True
2025-04-15,6,2025-04-15T06:00:00,2025-04-15T06:00:00,103,102,True
2025-04-15,12,2025-04-15T12:00:00,2025-04-15T12:00:00,103,102,True
2025-04-15,18,2025-04-15T18:00:00,2025-04-15T18:00:00,103,102,True
2025-04-16,0,2025-04-16T00:00:00,2025-04-16T00:00:00,104,103,True
2025-04-16,6,2025-04-16T06:00:00,2025-04-16T06:00:00,104,103,True
2025-04-16,12,2025-04-16T12:00:00,2025-04-16T12:00:00,104,103,True
2025-04-16,18,2025-04-16T18:00:00,2025-04-16T18:00:00,104,103,True
2025-04-17,0,2025-04-17T00:00:00,2025-04-17T00:00:00,105,104,True
2025-04-17,6,2025-04-17T06:00:00,2025-04-17T06:00:00,105,104,True
2025-04-17,12,2025-04-17T12:00:00,2025-04-17T12:00:00,105,104,True
2025-04-17,18,2025-04-17T18:00:00,2025-04-17T18:00:00,105,104,True
2025-04-18,0,2025-04-18T00:00:00,2025-04-18T00:00:00,106,105,True
2025-04-18,6,2025-04-18T06:00:00,2025-04-18T06:00:00,106,105,True
2025-04-18,12,2025-04-18T12:00:00,2025-04-18T12:00:00,106,105,True
2025-04-18,18,2025-04-18T18:00:00,2025-04-18T18:00:00,106,105,True
2025-04-19,0,2025-04-19T00:00:00,2025-04-19T00:00:00,107,106,True
2025-04-19,6,2025-04-19T06:00:00,2025-04-19T06:00:00,107,106,True
2025-04-19,12,2025-04-19T12:00:00,2025-04-19T12:00:00,107,106,True
2025-04-19,18,2025-04-19T18:00:00,2025-04-19T18:00:00,107,106,True
2025-04-20,0,2025-04-20T00:00:00,2025-04-20T00:00:00,108,107,True
2025-04-20,6,2025-04-20T06:00:00,2025-04-20T06:00:00,108,107,True
2025-04-20,12,2025-04-20T12:00:00,2025-04-20T12:00:00,108,107,True
2025-04-20,18,2025-04-20T18:00:00,2025-04-20T18:00:00,108,107,True
2025-04-21,0,2025-04-21T00:00:00,2025-04-21T00:00:00,109,108,True
2025-04-21,6,2025-04-21T06:00:00,2025-04-21T06:00:00,109,108,True
2025-04-21,12,2025-04-21T12:00:00,2025-04-21T12:00:00,109,108,True
2025-04-21,18,2025-04-21T18:00:00,2025-04-21T18:00:00,109,108,True
2025-04-22,0,2025-04-22T00:00:00,2025-04-22T00:00:00,110,109,True
2025-04-22,6,2025-04-22T06:00:00,2025-04-22T06:00:00,110,109,True
2025-04-22,12,2025-04-22T12:00:00,2025-04-22T12:00:00,110,109,True
2025-04-22,18,2025-04-22T18:00:00,2025-04-22T18:00:00,110,109,True
2025-04-23,0,2025-04-23T00:00:00,2025-04-23T00:00:00,111,110,True
2025-04-23,6,2025-04-23T06:00:00,2025-04-23T06:00:00,111,110,True
2025-04-23,12,2025-04-23T12:00:00,2025-04-23T12:00:00,111,110,True
2025-04-23,18,2025-04-23T18:00:00,2025-04-23T18:00:00,111,110,True
2025-04-24,0,2025-04-24T00:00:00,2025-04-24T00:00:00,112,111,True
2025-04-24,6,2025-04-24T06:00:00,2025-04-24T06:00:00,112,111,True
2025-04-24,12,2025-04-24T12:00:00,2025-04-24T12:00:00,112,111,True
2025-04-24,18,2025-04-24T18:00:00,2025-04-24T18:00:00,112,111,True
2025-04-25,0,2025-04-25T00:00:00,2025-04-25T00:00:00,113,112,True
2025-04-25,6,2025-04-25T06:00:00,2025-04-25T06:00:00,113,112,True
2025-04-25,12,2025-04-25T12:00:00,2025-04-25T12:00:00,113,112,True
2025-04-25,18,2025-04-25T18:00:00,2025-04-25T18:00:00,113,112,True
2025-04-26,0,2025-04-26T00:00:00,2025-04-26T00:00:00,114,113,True
2025-04-26,6,2025-04-26T06:00:00,2025-04-26T06:00:00,114,113,True
2025-04-26,12,2025-04-26T12:00:00,2025-04-26T12:00:00,114,113,True
2025-04-26,18,2025-04-26T18:00:00,2025-04-26T18:00:00,114,113,True
2025-04-27,0,2025-04-27T00:00:00,2025-04-27T00:00:00,115,114,True
2025-04-27,6,2025-04-27T06:00:00,2025-04-27T06:00:00,115,114,True
2025-04-27,12,2025-04-27T12:00:00,2025-04-27T12:00:00,115,114,True
2025-04-27,18,2025-04-27T18:00:00,2025-04-27T18:00:00,115,114,True
2025-04-28,0,2025-04-28T00:00:00,2025-04-28T00:00:00,116,115,True
2025-04-28,6,2025-04-28T06:00:00,2025-04-28T06:00:00,116,115,True
2025-04-28,12,2025-04-28T12:00:00,2025-04-28T12:00:00,116,115,True
2025-04-28,18,2025-04-28T18:00:00,2025-04-28T18:00:00,116,115,True
2025-04-29,0,2025-04-29T00:00:00,2025-04-29T00:00:00,117,116,True
2025-04-29,6,2025-04-29T06:00:00,2025-04-29T06:00:00,117,116,True
2025-04-29,12,2025-04-29T12:00:00,2025-04-29T12:00:00,117,116,True
2025-04-29,18,2025-04-29T18:00:00,2025-04-29T18:00:00,117,116,True
2025-04-30,0,2025-04-30T00:00:00,2025-04-30T00:00:00,118,117,True
2025-04-30,6,2025-04-30T06:00:00,2025-04-30T06:00:00,118,117,True
2025-04-30,12,2025-04-30T12:00:00,2025-04-30T12:00:00,118,117,True
2025-04-30,18,2025-04-30T18:00:00,2025-04-30T18:00:00,118,117,True
2025-05-01,0,2025-05-01T00:00:00,2025-05-01T00:00:00,119,118,True
2025-05-01,6,2025-05-01T06:00:00,2025-05-01T06:00:00,119,118,True
2025-05-01,12,2025-05-01T12:00:00,2025-05-01T12:00:00,119,118,True
2025-05-01,18,2025-05-01T18:00:00,2025-05-01T18:00:00,119,118,True
2025-05-02,0,2025-05-02T00:00:00,2025-05-02T00:00:00,120,119,True
2025-05-02,6,2025-05-02T06:00:00,2025-05-02T06:00:00,120,119,True
2025-05-02,12,2025-05-02T12:00:00,2025-05-02T12:00:00,120,119,True
2025-05-02,18,2025-05-02T18:00:00,2025-05-02T18:00:00,120,119,True
2025-05-03,0,2025-05-03T00:00:00,2025-05-03T00:00:00,121,120,True
2025-05-03,6,2025-05-03T06:00:00,2025-05-03T06:00:00,121,120,True
2025-05-03,12,2025-05-03T12:00:00,2025-05-03T12:00:00,121,120,True
2025-05-03,18,2025-05-03T18:00:00,2025-05-03T18:00:00,121,120,True
2025-05-04,0,2025-05-04T00:00:00,2025-05-04T00:00:00,122,121,True
2025-05-04,6,2025-05-04T06:00:00,2025-05-04T06:00:00,122,121,True
2025-05-04,12,2025-05-04T12:00:00,2025-05-04T12:00:00,122,121,True
2025-05-04,18,2025-05-04T18:00:00,2025-05-04T18:00:00,122,121,True
2025-05-05,0,2025-05-05T00:00:00,2025-05-05T00:00:00,123,122,True
2025-05-05,6,2025-05-05T06:00:00,2025-05-05T06:00:00,123,122,True
2025-05-05,12,2025-05-05T12:00:00,2025-05-05T12:00:00,123,122,True
2025-05-05,18,2025-05-05T18:00:00,2025-05-05T18:00:00,123,122,True
2025-05-06,0,2025-05-06T00:00:00,2025-05-06T00:00:00,124,123,True
2025-05-06,6,2025-05-06T06:00:00,2025-05-06T06:00:00,124,123,True
2025-05-06,12,2025-05-06T12:00:00,2025-05-06T12:00:00,124,123,True
2025-05-06,18,2025-05-06T18:00:00,2025-05-06T18:00:00,124,123,True
2025-05-07,0,2025-05-07T00:00:00,2025-05-07T00:00:00,125,124,True
2025-05-07,6,2025-05-07T06:00:00,2025-05-07T06:00:00,125,124,True
2025-05-07,12,2025-05-07T12:00:00,2025-05-07T12:00:00,125,124,True
2025-05-07,18,2025-05-07T18:00:00,2025-05-07T18:00:00,125,124,True
2025-05-08,0,2025-05-08T00:00:00,2025-05-08T00:00:00,126,125,True
2025-05-08,6,2025-05-08T06:00:00,2025-05-08T06:00:00,126,125,True
2025-05-08,12,2025-05-08T12:00:00,2025-05-08T12:00:00,126,125,True
2025-05-08,18,2025-05-08T18:00:00,2025-05-08T18:00:00,126,125,True
2025-05-09,0,2025-05-09T00:00:00,2025-05-09T00:00:00,127,126,True
2025-05-09,6,2025-05-09T06:00:00,2025-05-09T06:00:00,127,126,True
2025-05-09,12,2025-05-09T12:00:00,2025-05-09T12:00:00,127,126,True
2025-05-09,18,2025-05-09T18:00:00,2025-05-09T18:00:00,127,126,True
2025-05-10,0,2025-05-10T00:00:00,2025-05-10T00:00:00,128,127,True
2025-05-10,6,2025-05-10T06:00:00,2025-05-10T06:00:00,128,127,True
2025-05-10,12,2025-05-10T12:00:00,2025-05-10T12:00:00,128,127,True
2025-05-10,18,2025-05-10T18:00:00,2025-05-10T18:00:00,128,127,True
2025-05-11,0,2025-05-11T00:00:00,2025-05-11T00:00:00,129,128,True
2025-05-11,6,2025-05-11T06:00:00,2025-05-11T06:00:00,129,128,True
2025-05-11,12,2025-05-11T12:00:00,2025-05-11T12:00:00,129,128,True
2025-05-11,18,2025-05-11T18:00:00,2025-05-11T18:00:00,129,128,True
2025-05-12,0,2025-05-12T00:00:00,2025-05-12T00:00:00,130,129,True
2025-05-12,6,2025-05-12T06:00:00,2025-05-12T06:00:00,130,129,True
2025-05-12,12,2025-05-12T12:00:00,2025-05-12T12:00:00,130,129,True
2025-05-12,18,2025-05-12T18:00:00,2025-05-12T18:00:00,130,129,True
2025-05-13,0,2025-05-13T00:00:00,2025-05-13T00:00:00,131,130,True
2025-05-13,6,2025-05-13T06:00:00,2025-05-13T06:00:00,131,130,True
2025-05-13,12,2025-05-13T12:00:00,2025-05-13T12:00:00,131,130,True
2025-05-13,18,2025-05-13T18:00:00,2025-05-13T18:00:00,131,130,True
2025-05-14,0,2025-05-14T00:00:00,2025-05-14T00:00:00,132,131,True
2025-05-14,6,2025-05-14T06:00:00,2025-05-14T06:00:00,132,131,True
2025-05-14,12,2025-05-14T12:00:00,2025-05-14T12:00:00,132,131,True
2025-05-14,18,2025-05-14T18:00:00,2025-05-14T18:00:00,132,131,True
2025-05-15,0,2025-05-15T00:00:00,2025-05-15T00:00:00,133,132,True
2025-05-15,6,2025-05-15T06:00:00,2025-05-15T06:00:00,133,132,True
2025-05-15,12,2025-05-15T12:00:00,2025-05-15T12:00:00,133,132,True
2025-05-15,18,2025-05-15T18:00:00,2025-05-15T18:00:00,133,132,True
2025-05-16,0,2025-05-16T00:00:00,2025-05-16T00:00:00,134,133,True
2025-05-16,6,2025-05-16T06:00:00,2025-05-16T06:00:00,134,133,True
2025-05-16,12,2025-05-16T12:00:00,2025-05-16T12:00:00,134,133,True
2025-05-16,18,2025-05-16T18:00:00,2025-05-16T18:00:00,134,133,True
2025-05-17,0,2025-05-17T00:00:00,2025-05-17T00:00:00,135,134,True
2025-05-17,6,2025-05-17T06:00:00,2025-05-17T06:00:00,135,134,True
2025-05-17,12,2025-05-17T12:00:00,2025-05-17T12:00:00,135,134,True
2025-05-17,18,2025-05-17T18:00:00,2025-05-17T18:00:00,135,134,True
2025-05-18,0,2025-05-18T00:00:00,2025-05-18T00:00:00,136,135,True
2025-05-18,6,2025-05-18T06:00:00,2025-05-18T06:00:00,136,135,True
2025-05-18,12,2025-05-18T12:00:00,2025-05-18T12:00:00,136,135,True
2025-05-18,18,2025-05-18T18:00:00,2025-05-18T18:00:00,136,135,True
2025-05-19,0,2025-05-19T00:00:00,2025-05-19T00:00:00,137,136,True
2025-05-19,6,2025-05-19T06:00:00,2025-05-19T06:00:00,137,136,True
2025-05-19,12,2025-05-19T12:00:00,2025-05-19T12:00:00,137,136,True
2025-05-19,18,2025-05-19T18:00:00,2025-05-19T18:00:00,137,136,True
2025-05-20,0,2025-05-20T00:00:00,2025-05-20T00:00:00,138,137,True
2025-05-20,6,2025-05-20T06:00:00,2025-05-20T06:00:00,138,137,True
2025-05-20,12,2025-05-20T12:00:00,2025-05-20T12:00:00,138,137,True
2025-05-20,18,2025-05-20T18:00:00,2025-05-20T18:00:00,138,137,True
2025-05-21,0,2025-05-21T00:00:00,2025-05-21T00:00:00,139,138,True
2025-05-21,6,2025-05-21T06:00:00,2025-05-21T06:00:00,139,138,True
2025-05-21,12,2025-05-21T12:00:00,2025-05-21T12:00:00,139,138,True
2025-05-21,18,2025-05-21T18:00:00,2025-05-21T18:00:00,139,138,True
2025-05-22,0,2025-05-22T00:00:00,2025-05-22T00:00:00,140,139,True
2025-05-22,6,2025-05-22T06:00:00,2025-05-22T06:00:00,140,139,True
2025-05-22,12,2025-05-22T12:00:00,2025-05-22T12:00:00,140,139,True
2025-05-22,18,2025-05-22T18:00:00,2025-05-22T18:00:00,140,139,True
2025-05-23,0,2025-05-23T00:00:00,2025-05-23T00:00:00,141,140,True
2025-05-23,6,2025-05-23T06:00:00,2025-05-23T06:00:00,141,140,True
2025-05-23,12,2025-05-23T12:00:00,2025-05-23T12:00:00,141,140,True
2025-05-23,18,2025-05-23T18:00:00,2025-05-23T18:00:00,141,140,True
2025-05-24,0,2025-05-24T00:00:00,2025-05-24T00:00:00,142,141,True
2025-05-24,6,2025-05-24T06:00:00,2025-05-24T06:00:00,142,141,True
2025-05-24,12,2025-05-24T12:00:00,2025-05-24T12:00:00,142,141,True
2025-05-24,18,2025-05-24T18:00:00,2025-05-24T18:00:00,142,141,True
2025-05-25,0,2025-05-25T00:00:00,2025-05-25T00:00:00,143,142,True
2025-05-25,6,2025-05-25T06:00:00,2025-05-25T06:00:00,143,142,True
2025-05-25,12,2025-05-25T12:00:00,2025-05-25T12:00:00,143,142,True
2025-05-25,18,2025-05-25T18:00:00,2025-05-25T18:00:00,143,142,True
2025-05-26,0,2025-05-26T00:00:00,2025-05-26T00:00:00,144,143,True
2025-05-26,6,2025-05-26T06:00:00,2025-05-26T06:00:00,144,143,True
2025-05-26,12,2025-05-26T12:00:00,2025-05-26T12:00:00,144,143,True
2025-05-26,18,2025-05-26T18:00:00,2025-05-26T18:00:00,144,143,True
2025-05-27,0,2025-05-27T00:00:00,2025-05-27T00:00:00,145,144,True
2025-05-27,6,2025-05-27T06:00:00,2025-05-27T06:00:00,145,144,True
2025-05-27,12,2025-05-27T12:00:00,2025-05-27T12:00:00,145,144,True
2025-05-27,18,2025-05-27T18:00:00,2025-05-27T18:00:00,145,144,True
2025-05-28,0,2025-05-28T00:00:00,2025-05-28T00:00:00,146,145,True
2025-05-28,6,2025-05-28T06:00:00,2025-05-28T06:00:00,146,145,True
2025-05-28,12,2025-05-28T12:00:00,2025-05-28T12:00:00,146,145,True
2025-05-28,18,2025-05-28T18:00:00,2025-05-28T18:00:00,146,145,True
2025-05-29,0,2025-05-29T00:00:00,2025-05-29T00:00:00,147,146,True
2025-05-29,6,2025-05-29T06:00:00,2025-05-29T06:00:00,147,146,True
2025-05-29,12,2025-05-29T12:00:00,2025-05-29T12:00:00,147,146,True
2025-05-29,18,2025-05-29T18:00:00,2025-05-29T18:00:00,147,146,True
2025-05-30,0,2025-05-30T00:00:00,2025-05-30T00:00:00,148,147,True
2025-05-30,6,2025-05-30T06:00:00,2025-05-30T06:00:00,148,147,True
2025-05-30,12,2025-05-30T12:00:00,2025-05-30T12:00:00,148,147,True
2025-05-30,18,2025-05-30T18:00:00,2025-05-30T18:00:00,148,147,True
2025-05-31,0,2025-05-31T00:00:00,2025-05-31T00:00:00,149,148,True
2025-05-31,6,2025-05-31T06:00:00,2025-05-31T06:00:00,149,148,True
2025-05-31,12,2025-05-31T12:00:00,2025-05-31T12:00:00,149,148,True
2025-05-31,18,2025-05-31T18:00:00,2025-05-31T18:00:00,149,148,True
2025-06-01,0,2025-06-01T00:00:00,2025-06-01T00:00:00,150,149,True
2025-06-01,6,2025-06-01T06:00:00,2025-06-01T06:00:00,150,149,True
2025-06-01,12,2025-06-01T12:00:00,2025-06-01T12:00:00,150,149,True
2025-06-01,18,2025-06-01T18:00:00,2025-06-01T18:00:00,150,149,True
2025-06-02,0,2025-06-02T00:00:00,2025-06-02T00:00:00,151,150,True
2025-06-02,6,2025-06-02T06:00:00,2025-06-02T06:00:00,151,150,True
2025-06-02,12,2025-06-02T12:00:00,2025-06-02T12:00:00,151,150,True
2025-06-02,18,2025-06-02T18:00:00,2025-06-02T18:00:00,151,150,True
2025-06-03,0,2025-06-03T00:00:00,2025-06-03T00:00:00,152,151,True
2025-06-03,6,2025-06-03T06:00:00,2025-06-03T06:00:00,152,151,True
2025-06-03,12,2025-06-03T12:00:00,2025-06-03T12:00:00,152,151,True
2025-06-03,18,2025-06-03T18:00:00,2025-06-03T18:00:00,152,151,True
2025-06-04,0,2025-06-04T00:00:00,2025-06-04T00:00:00,153,152,True
2025-06-04,6,2025-06-04T06:00:00,2025-06-04T06:00:00,153,152,True
2025-06-04,12,2025-06-04T12:00:00,2025-06-04T12:00:00,153,152,True
2025-06-04,18,2025-06-04T18:00:00,2025-06-04T18:00:00,153,152,True
2025-06-05,0,2025-06-05T00:00:00,2025-06-05T00:00:00,154,153,True
2025-06-05,6,2025-06-05T06:00:00,2025-06-05T06:00:00,154,153,True
2025-06-05,12,2025-06-05T12:00:00,2025-06-05T12:00:00,154,153,True
2025-06-05,18,2025-06-05T18:00:00,2025-06-05T18:00:00,154,153,True
2025-06-06,0,2025-06-06T00:00:00,2025-06-06T00:00:00,155,154,True
2025-06-06,6,2025-06-06T06:00:00,2025-06-06T06:00:00,155,154,True
2025-06-06,12,2025-06-06T12:00:00,2025-06-06T12:00:00,155,154,True
2025-06-06,18,2025-06-06T18:00:00,2025-06-06T18:00:00,155,154,True
2025-06-07,0,2025-06-07T00:00:00,2025-06-07T00:00:00,156,155,True
2025-06-07,6,2025-06-07T06:00:00,2025-06-07T06:00:00,156,155,True
2025-06-07,12,2025-06-07T12:00:00,2025-06-07T12:00:00,156,155,True
2025-06-07,18,2025-06-07T18:00:00,2025-06-07T18:00:00,156,155,True
2025-06-08,0,2025-06-08T00:00:00,2025-06-08T00:00:00,157,156,True
2025-06-08,6,2025-06-08T06:00:00,2025-06-08T06:00:00,157,156,True
2025-06-08,12,2025-06-08T12:00:00,2025-06-08T12:00:00,157,156,True
2025-06-08,18,2025-06-08T18:00:00,2025-06-08T18:00:00,157,156,True
2025-06-09,0,2025-06-09T00:00:00,2025-06-09T00:00:00,158,157,True
2025-06-09,6,2025-06-09T06:00:00,2025-06-09T06:00:00,158,157,True
2025-06-09,12,2025-06-09T12:00:00,2025-06-09T12:00:00,158,157,True
2025-06-09,18,2025-06-09T18:00:00,2025-06-09T18:00:00,158,157,True
2025-06-10,0,2025-06-10T00:00:00,2025-06-10T00:00:00,159,158,True
2025-06-10,6,2025-06-10T06:00:00,2025-06-10T06:00:00,159,158,True
2025-06-10,12,2025-06-10T12:00:00,2025-06-10T12:00:00,159,158,True
2025-06-10,18,2025-06-10T18:00:00,2025-06-10T18:00:00,159,158,True
2025-06-11,0,2025-06-11T00:00:00,2025-06-11T00:00:00,160,159,True
2025-06-11,6,2025-06-11T06:00:00,2025-06-11T06:00:00,160,159,True
2025-06-11,12,2025-06-11T12:00:00,2025-06-11T12:00:00,160,159,True
2025-06-11,18,2025-06-11T18:00:00,2025-06-11T18:00:00,160,159,True
2025-06-12,0,2025-06-12T00:00:00,2025-06-12T00:00:00,161,160,True
2025-06-12,6,2025-06-12T06:00:00,2025-06-12T06:00:00,161,160,True
2025-06-12,12,2025-06-12T12:00:00,2025-06-12T12:00:00,161,160,True
2025-06-12,18,2025-06-12T18:00:00,2025-06-12T18:00:00,161,160,True
2025-06-13,0,2025-06-13T00:00:00,2025-06-13T00:00:00,162,161,True
2025-06-13,6,2025-06-13T06:00:00,2025-06-13T06:00:00,162,161,True
2025-06-13,12,2025-06-13T12:00:00,2025-06-13T12:00:00,162,161,True
2025-06-13,18,2025-06-13T18:00:00,2025-06-13T18:00:00,162,161,True
2025-06-14,0,2025-06-14T00:00:00,2025-06-14T00:00:00,163,162,True
2025-06-14,6,2025-06-14T06:00:00,2025-06-14T06:00:00,163,162,True
2025-06-14,12,2025-06-14T12:00:00,2025-06-14T12:00:00,163,162,True
2025-06-14,18,2025-06-14T18:00:00,2025-06-14T18:00:00,163,162,True
2025-06-15,0,2025-06-15T00:00:00,2025-06-15T00:00:00,164,163,True
2025-06-15,6,2025-06-15T06:00:00,2025-06-15T06:00:00,164,163,True
2025-06-15,12,2025-06-15T12:00:00,2025-06-15T12:00:00,164,163,True
2025-06-15,18,2025-06-15T18:00:00,2025-06-15T18:00:00,164,163,True
2025-06-16,0,2025-06-16T00:00:00,2025-06-16T00:00:00,165,164,True
2025-06-16,6,2025-06-16T06:00:00,2025-06-16T06:00:00,165,164,True
2025-06-16,12,2025-06-16T12:00:00,2025-06-16T12:00:00,165,164,True
2025-06-16,18,2025-06-16T18:00:00,2025-06-16T18:00:00,165,164,True
2025-06-17,0,2025-06-17T00:00:00,2025-06-17T00:00:00,166,165,True
2025-06-17,6,2025-06-17T06:00:00,2025-06-17T06:00:00,166,165,True
2025-06-17,12,2025-06-17T12:00:00,2025-06-17T12:00:00,166,165,True
2025-06-17,18,2025-06-17T18:00:00,2025-06-17T18:00:00,166,165,True
2025-06-18,0,2025-06-18T00:00:00,2025-06-18T00:00:00,167,166,True
2025-06-18,6,2025-06-18T06:00:00,2025-06-18T06:00:00,167,166,True
2025-06-18,12,2025-06-18T12:00:00,2025-06-18T12:00:00,167,166,True
2025-06-18,18,2025-06-18T18:00:00,2025-06-18T18:00:00,167,166,True
2025-06-19,0,2025-06-19T00:00:00,2025-06-19T00:00:00,168,167,True
2025-06-19,6,2025-06-19T06:00:00,2025-06-19T06:00:00,168,167,True
2025-06-19,12,2025-06-19T12:00:00,2025-06-19T12:00:00,168,167,True
2025-06-19,18,2025-06-19T18:00:00,2025-06-19T18:00:00,168,167,True
2025-06-20,0,2025-06-20T00:00:00,2025-06-20T00:00:00,169,168,True
2025-06-20,6,2025-06-20T06:00:00,2025-06-20T06:00:00,169,168,True
2025-06-20,12,2025-06-20T12:00:00,2025-06-20T12:00:00,169,168,True
2025-06-20,18,2025-06-20T18:00:00,2025-06-20T18:00:00,169,168,True
2025-06-21,0,2025-06-21T00:00:00,2025-06-21T00:00:00,170,169,True
2025-06-21,6,2025-06-21T06:00:00,2025-06-21T06:00:00,170,169,True
2025-06-21,12,2025-06-21T12:00:00,2025-06-21T12:00:00,170,169,True
2025-06-21,18,2025-06-21T18:00:00,2025-06-21T18:00:00,170,169,True
2025-06-22,0,2025-06-22T00:00:00,2025-06-22T00:00:00,171,170,True
2025-06-22,6,2025-06-22T06:00:00,2025-06-22T06:00:00,171,170,True
2025-06-22,12,2025-06-22T12:00:00,2025-06-22T12:00:00,171,170,True
2025-06-22,18,2025-06-22T18:00:00,2025-06-22T18:00:00,171,170,True
2025-06-23,0,2025-06-23T00:00:00,2025-06-23T00:00:00,172,171,True
2025-06-23,6,2025-06-23T06:00:00,2025-06-23T06:00:00,172,171,True
2025-06-23,12,2025-06-23T12:00:00,2025-06-23T12:00:00,172,171,True
2025-06-23,18,2025-06-23T18:00:00,2025-06-23T18:00:00,172,171,True
2025-06-24,0,2025-06-24T00:00:00,2025-06-24T00:00:00,173,172,True
2025-06-24,6,2025-06-24T06:00:00,2025-06-24T06:00:00,173,172,True
2025-06-24,12,2025-06-24T12:00:00,2025-06-24T12:00:00,173,172,True
2025-06-24,18,2025-06-24T18:00:00,2025-06-24T18:00:00,173,172,True
2025-06-25,0,2025-06-25T00:00:00,2025-06-25T00:00:00,174,173,True
2025-06-25,6,2025-06-25T06:00:00,2025-06-25T06:00:00,174,173,True
2025-06-25,12,2025-06-25T12:00:00,2025-06-25T12:00:00,174,173,True
2025-06-25,18,2025-06-25T18:00:00,2025-06-25T18:00:00,174,173,True
2025-06-26,0,2025-06-26T00:00:00,2025-06-26T00:00:00,175,174,True
2025-06-26,6,2025-06-26T06:00:00,2025-06-26T06:00:00,175,174,True
2025-06-26,12,2025-06-26T12:00:00,2025-06-26T12:00:00,175,174,True
2025-06-26,18,2025-06-26T18:00:00,2025-06-26T18:00:00,175,174,True
2025-06-27,0,2025-06-27T00:00:00,2025-06-27T00:00:00,176,175,True
2025-06-27,6,2025-06-27T06:00:00,2025-06-27T06:00:00,176,175,True
2025-06-27,12,2025-06-27T12:00:00,2025-06-27T12:00:00,176,175,True
2025-06-27,18,2025-06-27T18:00:00,2025-06-27T18:00:00,176,175,True
2025-06-28,0,2025-06-28T00:00:00,2025-06-28T00:00:00,177,176,True
2025-06-28,6,2025-06-28T06:00:00,2025-06-28T06:00:00,177,176,True
2025-06-28,12,2025-06-28T12:00:00,2025-06-28T12:00:00,177,176,True
2025-06-28,18,2025-06-28T18:00:00,2025-06-28T18:00:00,177,176,True
2025-06-29,0,2025-06-29T00:00:00,2025-06-29T00:00:00,178,177,True
2025-06-29,6,2025-06-29T06:00:00,2025-06-29T06:00:00,178,177,True
2025-06-29,12,2025-06-29T12:00:00,2025-06-29T12:00:00,178,177,True
2025-06-29,18,2025-06-29T18:00:00,2025-06-29T18:00:00,178,177,True
2025-06-30,0,2025-06-30T00:00:00,2025-06-30T00:00:00,179,178,True
2025-06-30,6,2025-06-30T06:00:00,2025-06-30T06:00:00,179,178,True
2025-06-30,12,2025-06-30T12:00:00,2025-06-30T12:00:00,179,178,True
2025-06-30,18,2025-06-30T18:00:00,2025-06-30T18:00:00,179,178,True
2025-07-01,0,2025-07-01T00:00:00,2025-07-01T00:00:00,180,179,True
2025-07-01,6,2025-07-01T06:00:00,2025-07-01T06:00:00,180,179,True
2025-07-01,12,2025-07-01T12:00:00,2025-07-01T12:00:00,180,179,True
2025-07-01,18,2025-07-01T18:00:00,2025-07-01T18:00:00,180,179,True
2025-07-02,0,2025-07-02T00:00:00,2025-07-02T00:00:00,181,180,True
2025-07-02,6,2025-07-02T06:00:00,2025-07-02T06:00:00,181,180,True
2025-07-02,12,2025-07-02T12:00:00,2025-07-02T12:00:00,181,180,True
2025-07-02,18,2025-07-02T18:00:00,2025-07-02T18:00:00,181,180,True
2025-07-03,0,2025-07-03T00:00:00,2025-07-03T00:00:00,182,181,True
2025-07-03,6,2025-07-03T06:00:00,2025-07-03T06:00:00,182,181,True
2025-07-03,12,2025-07-03T12:00:00,2025-07-03T12:00:00,182,181,True
2025-07-03,18,2025-07-03T18:00:00,2025-07-03T18:00:00,182,181,True
2025-07-04,0,2025-07-04T00:00:00,2025-07-04T00:00:00,183,182,True
2025-07-04,6,2025-07-04T06:00:00,2025-07-04T06:00:00,183,182,True
2025-07-04,12,2025-07-04T12:00:00,2025-07-04T12:00:00,183,182,True
2025-07-04,18,2025-07-04T18:00:00,2025-07-04T18:00:00,183,182,True
2025-07-05,0,2025-07-05T00:00:00,2025-07-05T00:00:00,184,183,True
2025-07-05,6,2025-07-05T06:00:00,2025-07-05T06:00:00,184,183,True
2025-07-05,12,2025-07-05T12:00:00,2025-07-05T12:00:00,184,183,True
2025-07-05,18,2025-07-05T18:00:00,2025-07-05T18:00:00,184,183,True
2025-07-06,0,2025-07-06T00:00:00,2025-07-06T00:00:00,185,184,True
2025-07-06,6,2025-07-06T06:00:00,2025-07-06T06:00:00,185,184,True
2025-07-06,12,2025-07-06T12:00:00,2025-07-06T12:00:00,185,184,True
2025-07-06,18,2025-07-06T18:00:00,2025-07-06T18:00:00,185,184,True
2025-07-07,0,2025-07-07T00:00:00,2025-07-07T00:00:00,186,185,True
2025-07-07,6,2025-07-07T06:00:00,2025-07-07T06:00:00,186,185,True
2025-07-07,12,2025-07-07T12:00:00,2025-07-07T12:00:00,186,185,True
2025-07-07,18,2025-07-07T18:00:00,2025-07-07T18:00:00,186,185,True
2025-07-08,0,2025-07-08T00:00:00,2025-07-08T00:00:00,187,186,True
2025-07-08,6,2025-07-08T06:00:00,2025-07-08T06:00:00,187,186,True
2025-07-08,12,2025-07-08T12:00:00,2025-07-08T12:00:00,187,186,True
2025-07-08,18,2025-07-08T18:00:00,2025-07-08T18:00:00,187,186,True
2025-07-09,0,2025-07-09T00:00:00,2025-07-09T00:00:00,188,187,True
2025-07-09,6,2025-07-09T06:00:00,2025-07-09T06:00:00,188,187,True
2025-07-09,12,2025-07-09T12:00:00,2025-07-09T12:00:00,188,187,True
2025-07-09,18,2025-07-09T18:00:00,2025-07-09T18:00:00,188,187,True
2025-07-10,0,2025-07-10T00:00:00,2025-07-10T00:00:00,189,188,True
2025-07-10,6,2025-07-10T06:00:00,2025-07-10T06:00:00,189,188,True
2025-07-10,12,2025-07-10T12:00:00,2025-07-10T12:00:00,189,188,True
2025-07-10,18,2025-07-10T18:00:00,2025-07-10T18:00:00,189,188,True
2025-07-11,0,2025-07-11T00:00:00,2025-07-11T00:00:00,190,189,True
2025-07-11,6,2025-07-11T06:00:00,2025-07-11T06:00:00,190,189,True
2025-07-11,12,2025-07-11T12:00:00,2025-07-11T12:00:00,190,189,True
2025-07-11,18,2025-07-11T18:00:00,2025-07-11T18:00:00,190,189,True
2025-07-12,0,2025-07-12T00:00:00,2025-07-12T00:00:00,191,190,True
2025-07-12,6,2025-07-12T06:00:00,2025-07-12T06:00:00,191,190,True
2025-07-12,12,2025-07-12T12:00:00,2025-07-12T12:00:00,191,190,True
2025-07-12,18,2025-07-12T18:00:00,2025-07-12T18:00:00,191,190,True
2025-07-13,0,2025-07-13T00:00:00,2025-07-13T00:00:00,192,191,True
2025-07-13,6,2025-07-13T06:00:00,2025-07-13T06:00:00,192,191,True
2025-07-13,12,2025-07-13T12:00:00,2025-07-13T12:00:00,192,191,True
2025-07-13,18,2025-07-13T18:00:00,2025-07-13T18:00:00,192,191,True
2025-07-14,0,2025-07-14T00:00:00,2025-07-14T00:00:00,193,192,True
2025-07-14,6,2025-07-14T06:00:00,2025-07-14T06:00:00,193,192,True
2025-07-14,12,2025-07-14T12:00:00,2025-07-14T12:00:00,193,192,True
2025-07-14,18,2025-07-14T18:00:00,2025-07-14T18:00:00,193,192,True
2025-07-15,0,2025-07-15T00:00:00,2025-07-15T00:00:00,194,193,True
2025-07-15,6,2025-07-15T06:00:00,2025-07-15T06:00:00,194,193,True
2025-07-15,12,2025-07-15T12:00:00,2025-07-15T12:00:00,194,193,True
2025-07-15,18,2025-07-15T18:00:00,2025-07-15T18:00:00,194,193,True
2025-07-16,0,2025-07-16T00:00:00,2025-07-16T00:00:00,195,194,True
2025-07-16,6,2025-07-16T06:00:00,2025-07-16T06:00:00,195,194,True
2025-07-16,12,2025-07-16T12:00:00,2025-07-16T12:00:00,195,194,True
2025-07-16,18,2025-07-16T18:00:00,2025-07-16T18:00:00,195,194,True
2025-07-17,0,2025-07-17T00:00:00,2025-07-17T00:00:00,196,195,True
2025-07-17,6,2025-07-17T06:00:00,2025-07-17T06:00:00,196,195,True
2025-07-17,12,2025-07-17T12:00:00,2025-07-17T12:00:00,196,195,True
2025-07-17,18,2025-07-17T18:00:00,2025-07-17T18:00:00,196,195,True
2025-07-18,0,2025-07-18T00:00:00,2025-07-18T00:00:00,197,196,True
2025-07-18,6,2025-07-18T06:00:00,2025-07-18T06:00:00,197,196,True
2025-07-18,12,2025-07-18T12:00:00,2025-07-18T12:00:00,197,196,True
2025-07-18,18,2025-07-18T18:00:00,2025-07-18T18:00:00,197,196,True
2025-07-19,0,2025-07-19T00:00:00,2025-07-19T00:00:00,198,197,True
2025-07-19,6,2025-07-19T06:00:00,2025-07-19T06:00:00,198,197,True
2025-07-19,12,2025-07-19T12:00:00,2025-07-19T12:00:00,198,197,True
2025-07-19,18,2025-07-19T18:00:00,2025-07-19T18:00:00,198,197,True
2025-07-20,0,2025-07-20T00:00:00,2025-07-20T00:00:00,199,198,True
2025-07-20,6,2025-07-20T06:00:00,2025-07-20T06:00:00,199,198,True
2025-07-20,12,2025-07-20T12:00:00,2025-07-20T12:00:00,199,198,True
2025-07-20,18,2025-07-20T18:00:00,2025-07-20T18:00:00,199,198,True
2025-07-21,0,2025-07-21T00:00:00,2025-07-21T00:00:00,200,199,True
2025-07-21,6,2025-07-21T06:00:00,2025-07-21T06:00:00,200,199,True
2025-07-21,12,2025-07-21T12:00:00,2025-07-21T12:00:00,200,199,True
2025-07-21,18,2025-07-21T18:00:00,2025-07-21T18:00:00,200,199,True
2025-07-22,0,2025-07-22T00:00:00,2025-07-22T00:00:00,201,200,True
2025-07-22,6,2025-07-22T06:00:00,2025-07-22T06:00:00,201,200,True
2025-07-22,12,2025-07-22T12:00:00,2025-07-22T12:00:00,201,200,True
2025-07-22,18,2025-07-22T18:00:00,2025-07-22T18:00:00,201,200,True
2025-07-23,0,2025-07-23T00:00:00,2025-07-23T00:00:00,202,201,True
2025-07-23,6,2025-07-23T06:00:00,2025-07-23T06:00:00,202,201,True
2025-07-23,12,2025-07-23T12:00:00,2025-07-23T12:00:00,202,201,True
2025-07-23,18,2025-07-23T18:00:00,2025-07-23T18:00:00,202,201,True
2025-07-24,0,2025-07-24T00:00:00,2025-07-24T00:00:00,203,202,True
2025-07-24,6,2025-07-24T06:00:00,2025-07-24T06:00:00,203,202,True
2025-07-24,12,2025-07-24T12:00:00,2025-07-24T12:00:00,203,202,True
2025-07-24,18,2025-07-24T18:00:00,2025-07-24T18:00:00,203,202,True
2025-07-25,0,2025-07-25T00:00:00,2025-07-25T00:00:00,204,203,True
2025-07-25,6,2025-07-25T06:00:00,2025-07-25T06:00:00,204,203,True
2025-07-25,12,2025-07-25T12:00:00,2025-07-25T12:00:00,204,203,True
2025-07-25,18,2025-07-25T18:00:00,2025-07-25T18:00:00,204,203,True
2025-07-26,0,2025-07-26T00:00:00,2025-07-26T00:00:00,205,204,True
2025-07-26,6,2025-07-26T06:00:00,2025-07-26T06:00:00,205,204,True
2025-07-26,12,2025-07-26T12:00:00,2025-07-26T12:00:00,205,204,True
2025-07-26,18,2025-07-26T18:00:00,2025-07-26T18:00:00,205,204,True
2025-07-27,0,2025-07-27T00:00:00,2025-07-27T00:00:00,206,205,True
2025-07-27,6,2025-07-27T06:00:00,2025-07-27T06:00:00,206,205,True
2025-07-27,12,2025-07-27T12:00:00,2025-07-27T12:00:00,206,205,True
2025-07-27,18,2025-07-27T18:00:00,2025-07-27T18:00:00,206,205,True
2025-07-28,0,2025-07-28T00:00:00,2025-07-28T00:00:00,207,206,True
2025-07-28,6,2025-07-28T06:00:00,2025-07-28T06:00:00,207,206,True
2025-07-28,12,2025-07-28T12:00:00,2025-07-28T12:00:00,207,206,True
2025-07-28,18,2025-07-28T18:00:00,2025-07-28T18:00:00,207,206,True
2025-07-29,0,2025-07-29T00:00:00,2025-07-29T00:00:00,208,207,True
2025-07-29,6,2025-07-29T06:00:00,2025-07-29T06:00:00,208,207,True
2025-07-29,12,2025-07-29T12:00:00,2025-07-29T12:00:00,208,207,True
2025-07-29,18,2025-07-29T18:00:00,2025-07-29T18:00:00,208,207,True
2025-07-30,0,2025-07-30T00:00:00,2025-07-30T00:00:00,209,208,True
2025-07-30,6,2025-07-30T06:00:00,2025-07-30T06:00:00,209,208,True
2025-07-30,12,2025-07-30T12:00:00,2025-07-30T12:00:00,209,208,True
2025-07-30,18,2025-07-30T18:00:00,2025-07-30T18:00:00,209,208,True
2025-07-31,0,2025-07-31T00:00:00,2025-07-31T00:00:00,210,209,True
2025-07-31,6,2025-07-31T06:00:00,2025-07-31T06:00:00,210,209,True
2025-07-31,12,2025-07-31T12:00:00,2025-07-31T12:00:00,210,209,True
2025-07-31,18,2025-07-31T18:00:00,2025-07-31T18:00:00,210,209,True
2025-08-01,0,2025-08-01T00:00:00,2025-08-01T00:00:00,211,210,True
2025-08-01,6,2025-08-01T06:00:00,2025-08-01T06:00:00,211,210,True
2025-08-01,12,2025-08-01T12:00:00,2025-08-01T12:00:00,211,210,True
2025-08-01,18,2025-08-01T18:00:00,2025-08-01T18:00:00,211,210,True
2025-08-02,0,2025-08-02T00:00:00,2025-08-02T00:00:00,212,211,True
2025-08-02,6,2025-08-02T06:00:00,2025-08-02T06:00:00,212,211,True
2025-08-02,12,2025-08-02T12:00:00,2025-08-02T12:00:00,212,211,True
2025-08-02,18,2025-08-02T18:00:00,2025-08-02T18:00:00,212,211,True
2025-08-03,0,2025-08-03T00:00:00,2025-08-03T00:00:00,213,212,True
2025-08-03,6,2025-08-03T06:00:00,2025-08-03T06:00:00,213,212,True
2025-08-03,12,2025-08-03T12:00:00,2025-08-03T12:00:00,213,212,True
2025-08-03,18,2025-08-03T18:00:00,2025-08-03T18:00:00,213,212,True
2025-08-04,0,2025-08-04T00:00:00,2025-08-04T00:00:00,214,213,True
2025-08-04,6,2025-08-04T06:00:00,2025-08-04T06:00:00,214,213,True
2025-08-04,12,2025-08-04T12:00:00,2025-08-04T12:00:00,214,213,True
2025-08-04,18,2025-08-04T18:00:00,2025-08-04T18:00:00,214,213,True
2025-08-05,0,2025-08-05T00:00:00,2025-08-05T00:00:00,215,214,True
2025-08-05,6,2025-08-05T06:00:00,2025-08-05T06:00:00,215,214,True
2025-08-05,12,2025-08-05T12:00:00,2025-08-05T12:00:00,215,214,True
2025-08-05,18,2025-08-05T18:00:00,2025-08-05T18:00:00,215,214,True
2025-08-06,0,2025-08-06T00:00:00,2025-08-06T00:00:00,216,215,True
2025-08-06,6,2025-08-06T06:00:00,2025-08-06T06:00:00,216,215,True
2025-08-06,12,2025-08-06T12:00:00,2025-08-06T12:00:00,216,215,True
2025-08-06,18,2025-08-06T18:00:00,2025-08-06T18:00:00,216,215,True
2025-08-07,0,2025-08-07T00:00:00,2025-08-07T00:00:00,217,216,True
2025-08-07,6,2025-08-07T06:00:00,2025-08-07T06:00:00,217,216,True
2025-08-07,12,2025-08-07T12:00:00,2025-08-07T12:00:00,217,216,True
2025-08-07,18,2025-08-07T18:00:00,2025-08-07T18:00:00,217,216,True
2025-08-08,0,2025-08-08T00:00:00,2025-08-08T00:00:00,218,217,True
2025-08-08,6,2025-08-08T06:00:00,2025-08-08T06:00:00,218,217,True
2025-08-08,12,2025-08-08T12:00:00,2025-08-08T12:00:00,218,217,True
2025-08-08,18,2025-08-08T18:00:00,2025-08-08T18:00:00,218,217,True
2025-08-09,0,2025-08-09T00:00:00,2025-08-09T00:00:00,219,218,True
2025-08-09,6,2025-08-09T06:00:00,2025-08-09T06:00:00,219,218,True
2025-08-09,12,2025-08-09T12:00:00,2025-08-09T12:00:00,219,218,True
2025-08-09,18,2025-08-09T18:00:00,2025-08-09T18:00:00,219,218,True
2025-08-10,0,2025-08-10T00:00:00,2025-08-10T00:00:00,220,219,True
2025-08-10,6,2025-08-10T06:00:00,2025-08-10T06:00:00,220,219,True
2025-08-10,12,2025-08-10T12:00:00,2025-08-10T12:00:00,220,219,True
2025-08-10,18,2025-08-10T18:00:00,2025-08-10T18:00:00,220,219,True
2025-08-11,0,2025-08-11T00:00:00,2025-08-11T00:00:00,221,220,True
2025-08-11,6,2025-08-11T06:00:00,2025-08-11T06:00:00,221,220,True
2025-08-11,12,2025-08-11T12:00:00,2025-08-11T12:00:00,221,220,True
2025-08-11,18,2025-08-11T18:00:00,2025-08-11T18:00:00,221,220,True
2025-08-12,0,2025-08-12T00:00:00,2025-08-12T00:00:00,222,221,True
2025-08-12,6,2025-08-12T06:00:00,2025-08-12T06:00:00,222,221,True
2025-08-12,12,2025-08-12T12:00:00,2025-08-12T12:00:00,222,221,True
2025-08-12,18,2025-08-12T18:00:00,2025-08-12T18:00:00,222,221,True
2025-08-13,0,2025-08-13T00:00:00,2025-08-13T00:00:00,223,222,True
2025-08-13,6,2025-08-13T06:00:00,2025-08-13T06:00:00,223,222,True
2025-08-13,12,2025-08-13T12:00:00,2025-08-13T12:00:00,223,222,True
2025-08-13,18,2025-08-13T18:00:00,2025-08-13T18:00:00,223,222,True
2025-08-14,0,2025-08-14T00:00:00,2025-08-14T00:00:00,224,223,True
2025-08-14,6,2025-08-14T06:00:00,2025-08-14T06:00:00,224,223,True
2025-08-14,12,2025-08-14T12:00:00,2025-08-14T12:00:00,224,223,True
2025-08-14,18,2025-08-14T18:00:00,2025-08-14T18:00:00,224,223,True
2025-08-15,0,2025-08-15T00:00:00,2025-08-15T00:00:00,225,224,True
2025-08-15,6,2025-08-15T06:00:00,2025-08-15T06:00:00,225,224,True
2025-08-15,12,2025-08-15T12:00:00,2025-08-15T12:00:00,225,224,True
2025-08-15,18,2025-08-15T18:00:00,2025-08-15T18:00:00,225,224,True
2025-08-16,0,2025-08-16T00:00:00,2025-08-16T00:00:00,226,225,True
2025-08-16,6,2025-08-16T06:00:00,2025-08-16T06:00:00,226,225,True
2025-08-16,12,2025-08-16T12:00:00,2025-08-16T12:00:00,226,225,True
2025-08-16,18,2025-08-16T18:00:00,2025-08-16T18:00:00,226,225,True
2025-08-17,0,2025-08-17T00:00:00,2025-08-17T00:00:00,227,226,True
2025-08-17,6,2025-08-17T06:00:00,2025-08-17T06:00:00,227,226,True
2025-08-17,12,2025-08-17T12:00:00,2025-08-17T12:00:00,227,226,True
2025-08-17,18,2025-08-17T18:00:00,2025-08-17T18:00:00,227,226,True
2025-08-18,0,2025-08-18T00:00:00,2025-08-18T00:00:00,228,227,True
2025-08-18,6,2025-08-18T06:00:00,2025-08-18T06:00:00,228,227,True
2025-08-18,12,2025-08-18T12:00:00,2025-08-18T12:00:00,228,227,True
2025-08-18,18,2025-08-18T18:00:00,2025-08-18T18:00:00,228,227,True
2025-08-19,0,2025-08-19T00:00:00,2025-08-19T00:00:00,229,228,True
2025-08-19,6,2025-08-19T06:00:00,2025-08-19T06:00:00,229,228,True
2025-08-19,12,2025-08-19T12:00:00,2025-08-19T12:00:00,229,228,True
2025-08-19,18,2025-08-19T18:00:00,2025-08-19T18:00:00,229,228,True
2025-08-20,0,2025-08-20T00:00:00,2025-08-20T00:00:00,230,229,True
2025-08-20,6,2025-08-20T06:00:00,2025-08-20T06:00:00,230,229,True
2025-08-20,12,2025-08-20T12:00:00,2025-08-20T12:00:00,230,229,True
2025-08-20,18,2025-08-20T18:00:00,2025-08-20T18:00:00,230,229,True
2025-08-21,0,2025-08-21T00:00:00,2025-08-21T00:00:00,231,230,True
2025-08-21,6,2025-08-21T06:00:00,2025-08-21T06:00:00,231,230,True
2025-08-21,12,2025-08-21T12:00:00,2025-08-21T12:00:00,231,230,True
2025-08-21,18,2025-08-21T18:00:00,2025-08-21T18:00:00,231,230,True
2025-08-22,0,2025-08-22T00:00:00,2025-08-22T00:00:00,232,231,True
2025-08-22,6,2025-08-22T06:00:00,2025-08-22T06:00:00,232,231,True
2025-08-22,12,2025-08-22T12:00:00,2025-08-22T12:00:00,232,231,True
2025-08-22,18,2025-08-22T18:00:00,2025-08-22T18:00:00,232,231,True
2025-08-23,0,2025-08-23T00:00:00,2025-08-23T00:00:00,233,232,True
2025-08-23,6,2025-08-23T06:00:00,2025-08-23T06:00:00,233,232,True
2025-08-23,12,2025-08-23T12:00:00,2025-08-23T12:00:00,233,232,True
2025-08-23,18,2025-08-23T18:00:00,2025-08-23T18:00:00,233,232,True
2025-08-24,0,2025-08-24T00:00:00,2025-08-24T00:00:00,234,233,True
2025-08-24,6,2025-08-24T06:00:00,2025-08-24T06:00:00,234,233,True
2025-08-24,12,2025-08-24T12:00:00,2025-08-24T12:00:00,234,233,True
2025-08-24,18,2025-08-24T18:00:00,2025-08-24T18:00:00,234,233,True
2025-08-25,0,2025-08-25T00:00:00,2025-08-25T00:00:00,235,234,True
2025-08-25,6,2025-08-25T06:00:00,2025-08-25T06:00:00,235,234,True
2025-08-25,12,2025-08-25T12:00:00,2025-08-25T12:00:00,235,234,True
2025-08-25,18,2025-08-25T18:00:00,2025-08-25T18:00:00,235,234,True
2025-08-26,0,2025-08-26T00:00:00,2025-08-26T00:00:00,236,235,True
2025-08-26,6,2025-08-26T06:00:00,2025-08-26T06:00:00,236,235,True
2025-08-26,12,2025-08-26T12:00:00,2025-08-26T12:00:00,236,235,True
2025-08-26,18,2025-08-26T18:00:00,2025-08-26T18:00:00,236,235,True
2025-08-27,0,2025-08-27T00:00:00,2025-08-27T00:00:00,237,236,True
2025-08-27,6,2025-08-27T06:00:00,2025-08-27T06:00:00,237,236,True
2025-08-27,12,2025-08-27T12:00:00,2025-08-27T12:00:00,237,236,True
2025-08-27,18,2025-08-27T18:00:00,2025-08-27T18:00:00,237,236,True
2025-08-28,0,2025-08-28T00:00:00,2025-08-28T00:00:00,238,237,True
2025-08-28,6,2025-08-28T06:00:00,2025-08-28T06:00:00,238,237,True
2025-08-28,12,2025-08-28T12:00:00,2025-08-28T12:00:00,238,237,True
2025-08-28,18,2025-08-28T18:00:00,2025-08-28T18:00:00,238,237,True
2025-08-29,0,2025-08-29T00:00:00,2025-08-29T00:00:00,239,238,True
2025-08-29,6,2025-08-29T06:00:00,2025-08-29T06:00:00,239,238,True
2025-08-29,12,2025-08-29T12:00:00,2025-08-29T12:00:00,239,238,True
2025-08-29,18,2025-08-29T18:00:00,2025-08-29T18:00:00,239,238,True
2025-08-30,0,2025-08-30T00:00:00,2025-08-30T00:00:00,240,239,True
2025-08-30,6,2025-08-30T06:00:00,2025-08-30T06:00:00,240,239,True
2025-08-30,12,2025-08-30T12:00:00,2025-08-30T12:00:00,240,239,True
2025-08-30,18,2025-08-30T18:00:00,2025-08-30T18:00:00,240,239,True
2025-08-31,0,2025-08-31T00:00:00,2025-08-31T00:00:00,241,240,True
2025-08-31,6,2025-08-31T06:00:00,2025-08-31T06:00:00,241,240,True
2025-08-31,12,2025-08-31T12:00:00,2025-08-31T12:00:00,241,240,True
2025-08-31,18,2025-08-31T18:00:00,2025-08-31T18:00:00,241,240,True
2025-09-01,0,2025-09-01T00:00:00,2025-09-01T00:00:00,242,241,True
2025-09-01,6,2025-09-01T06:00:00,2025-09-01T06:00:00,242,241,True
2025-09-01,12,2025-09-01T12:00:00,2025-09-01T12:00:00,242,241,True
2025-09-01,18,2025-09-01T18:00:00,2025-09-01T18:00:00,242,241,True
2025-09-02,0,2025-09-02T00:00:00,2025-09-02T00:00:00,243,242,True
2025-09-02,6,2025-09-02T06:00:00,2025-09-02T06:00:00,243,242,True
2025-09-02,12,2025-09-02T12:00:00,2025-09-02T12:00:00,243,242,True
2025-09-02,18,2025-09-02T18:00:00,2025-09-02T18:00:00,243,242,True
2025-09-03,0,2025-09-03T00:00:00,2025-09-03T00:00:00,244,243,True
2025-09-03,6,2025-09-03T06:00:00,2025-09-03T06:00:00,244,243,True
2025-09-03,12,2025-09-03T12:00:00,2025-09-03T12:00:00,244,243,True
2025-09-03,18,2025-09-03T18:00:00,2025-09-03T18:00:00,244,243,True
2025-09-04,0,2025-09-04T00:00:00,2025-09-04T00:00:00,245,244,True
2025-09-04,6,2025-09-04T06:00:00,2025-09-04T06:00:00,245,244,True
2025-09-04,12,2025-09-04T12:00:00,2025-09-04T12:00:00,245,244,True
2025-09-04,18,2025-09-04T18:00:00,2025-09-04T18:00:00,245,244,True
2025-09-05,0,2025-09-05T00:00:00,2025-09-05T00:00:00,246,245,True
2025-09-05,6,2025-09-05T06:00:00,2025-09-05T06:00:00,246,245,True
2025-09-05,12,2025-09-05T12:00:00,2025-09-05T12:00:00,246,245,True
2025-09-05,18,2025-09-05T18:00:00,2025-09-05T18:00:00,246,245,True
2025-09-06,0,2025-09-06T00:00:00,2025-09-06T00:00:00,247,246,True
2025-09-06,6,2025-09-06T06:00:00,2025-09-06T06:00:00,247,246,True
2025-09-06,12,2025-09-06T12:00:00,2025-09-06T12:00:00,247,246,True
2025-09-06,18,2025-09-06T18:00:00,2025-09-06T18:00:00,247,246,True
2025-09-07,0,2025-09-07T00:00:00,2025-09-07T00:00:00,248,247,True
2025-09-07,6,2025-09-07T06:00:00,2025-09-07T06:00:00,248,247,True
2025-09-07,12,2025-09-07T12:00:00,2025-09-07T12:00:00,248,247,True
2025-09-07,18,2025-09-07T18:00:00,2025-09-07T18:00:00,248,247,True
2025-09-08,0,2025-09-08T00:00:00,2025-09-08T00:00:00,249,248,True
2025-09-08,6,2025-09-08T06:00:00,2025-09-08T06:00:00,249,248,True
2025-09-08,12,2025-09-08T12:00:00,2025-09-08T12:00:00,249,248,True
2025-09-08,18,2025-09-08T18:00:00,2025-09-08T18:00:00,249,248,True
2025-09-09,0,2025-09-09T00:00:00,2025-09-09T00:00:00,250,249,True
2025-09-09,6,2025-09-09T06:00:00,2025-09-09T06:00:00,250,249,True
2025-09-09,12,2025-09-09T12:00:00,2025-09-09T12:00:00,250,249,True
2025-09-09,18,2025-09-09T18:00:00,2025-09-09T18:00:00,250,249,True
2025-09-10,0,2025-09-10T00:00:00,2025-09-10T00:00:00,251,250,True
2025-09-10,6,2025-09-10T06:00:00,2025-09-10T06:00:00,251,250,True
2025-09-10,12,2025-09-10T12:00:00,2025-09-10T12:00:00,251,250,True
2025-09-10,18,2025-09-10T18:00:00,2025-09-10T18:00:00,251,250,True
2025-09-11,0,2025-09-11T00:00:00,2025-09-11T00:00:00,252,251,True
2025-09-11,6,2025-09-11T06:00:00,2025-09-11T06:00:00,252,251,True
2025-09-11,12,2025-09-11T12:00:00,2025-09-11T12:00:00,252,251,True
2025-09-11,18,2025-09-11T18:00:00,2025-09-11T18:00:00,252,251,True
2025-09-12,0,2025-09-12T00:00:00,2025-09-12T00:00:00,253,252,True
2025-09-12,6,2025-09-12T06:00:00,2025-09-12T06:00:00,253,252,True
2025-09-12,12,2025-09-12T12:00:00,2025-09-12T12:00:00,253,252,True
2025-09-12,18,2025-09-12T18:00:00,2025-09-12T18:00:00,253,252,True
2025-09-13,0,2025-09-13T00:00:00,2025-09-13T00:00:00,254,253,True
2025-09-13,6,2025-09-13T06:00:00,2025-09-13T06:00:00,254,253,True
2025-09-13,12,2025-09-13T12:00:00,2025-09-13T12:00:00,254,253,True
2025-09-13,18,2025-09-13T18:00:00,2025-09-13T18:00:00,254,253,True
2025-09-14,0,2025-09-14T00:00:00,2025-09-14T00:00:00,255,254,True
2025-09-14,6,2025-09-14T06:00:00,2025-09-14T06:00:00,255,254,True
2025-09-14,12,2025-09-14T12:00:00,2025-09-14T12:00:00,255,254,True
2025-09-14,18,2025-09-14T18:00:00,2025-09-14T18:00:00,255,254,True
2025-09-15,0,2025-09-15T00:00:00,2025-09-15T00:00:00,256,255,True
2025-09-15,6,2025-09-15T06:00:00,2025-09-15T06:00:00,256,255,True
2025-09-15,12,2025-09-15T12:00:00,2025-09-15T12:00:00,256,255,True
2025-09-15,18,2025-09-15T18:00:00,2025-09-15T18:00:00,256,255,True
2025-09-16,0,2025-09-16T00:00:00,2025-09-16T00:00:00,257,256,True
2025-09-16,6,2025-09-16T06:00:00,2025-09-16T06:00:00,257,256,True
2025-09-16,12,2025-09-16T12:00:00,2025-09-16T12:00:00,257,256,True
2025-09-16,18,2025-09-16T18:00:00,2025-09-16T18:00:00,257,256,True
2025-09-17,0,2025-09-17T00:00:00,2025-09-17T00:00:00,258,257,True
2025-09-17,6,2025-09-17T06:00:00,2025-09-17T06:00:00,258,257,True
2025-09-17,12,2025-09-17T12:00:00,2025-09-17T12:00:00,258,257,True
2025-09-17,18,2025-09-17T18:00:00,2025-09-17T18:00:00,258,257,True
2025-09-18,0,2025-09-18T00:00:00,2025-09-18T00:00:00,259,258,True
2025-09-18,6,2025-09-18T06:00:00,2025-09-18T06:00:00,259,258,True
2025-09-18,12,2025-09-18T12:00:00,2025-09-18T12:00:00,259,258,True
2025-09-18,18,2025-09-18T18:00:00,2025-09-18T18:00:00,259,258,True
2025-09-19,0,2025-09-19T00:00:00,2025-09-19T00:00:00,260,259,True
2025-09-19,6,2025-09-19T06:00:00,2025-09-19T06:00:00,260,259,True
2025-09-19,12,2025-09-19T12:00:00,2025-09-19T12:00:00,260,259,True
2025-09-19,18,2025-09-19T18:00:00,2025-09-19T18:00:00,260,259,True
2025-09-20,0,2025-09-20T00:00:00,2025-09-20T00:00:00,261,260,True
2025-09-20,6,2025-09-20T06:00:00,2025-09-20T06:00:00,261,260,True
2025-09-20,12,2025-09-20T12:00:00,2025-09-20T12:00:00,261,260,True
2025-09-20,18,2025-09-20T18:00:00,2025-09-20T18:00:00,261,260,True
2025-09-21,0,2025-09-21T00:00:00,2025-09-21T00:00:00,262,261,True
2025-09-21,6,2025-09-21T06:00:00,2025-09-21T06:00:00,262,261,True
2025-09-21,12,2025-09-21T12:00:00,2025-09-21T12:00:00,262,261,True
2025-09-21,18,2025-09-21T18:00:00,2025-09-21T18:00:00,262,261,True
2025-09-22,0,2025-09-22T00:00:00,2025-09-22T00:00:00,263,262,True
2025-09-22,6,2025-09-22T06:00:00,2025-09-22T06:00:00,263,262,True
2025-09-22,12,2025-09-22T12:00:00,2025-09-22T12:00:00,263,262,True
2025-09-22,18,2025-09-22T18:00:00,2025-09-22T18:00:00,263,262,True
2025-09-23,0,2025-09-23T00:00:00,2025-09-23T00:00:00,264,263,True
2025-09-23,6,2025-09-23T06:00:00,2025-09-23T06:00:00,264,263,True
2025-09-23,12,2025-09-23T12:00:00,2025-09-23T12:00:00,264,263,True
2025-09-23,18,2025-09-23T18:00:00,2025-09-23T18:00:00,264,263,True
2025-09-24,0,2025-09-24T00:00:00,2025-09-24T00:00:00,265,264,True
2025-09-24,6,2025-09-24T06:00:00,2025-09-24T06:00:00,265,264,True
2025-09-24,12,2025-09-24T12:00:00,2025-09-24T12:00:00,265,264,True
2025-09-24,18,2025-09-24T18:00:00,2025-09-24T18:00:00,265,264,True
2025-09-25,0,2025-09-25T00:00:00,2025-09-25T00:00:00,266,265,True
2025-09-25,6,2025-09-25T06:00:00,2025-09-25T06:00:00,266,265,True
2025-09-25,12,2025-09-25T12:00:00,2025-09-25T12:00:00,266,265,True
2025-09-25,18,2025-09-25T18:00:00,2025-09-25T18:00:00,266,265,True
2025-09-26,0,2025-09-26T00:00:00,2025-09-26T00:00:00,267,266,True
2025-09-26,6,2025-09-26T06:00:00,2025-09-26T06:00:00,267,266,True
2025-09-26,12,2025-09-26T12:00:00,2025-09-26T12:00:00,267,266,True
2025-09-26,18,2025-09-26T18:00:00,2025-09-26T18:00:00,267,266,True
2025-09-27,0,2025-09-27T00:00:00,2025-09-27T00:00:00,268,267,True
2025-09-27,6,2025-09-27T06:00:00,2025-09-27T06:00:00,268,267,True
2025-09-27,12,2025-09-27T12:00:00,2025-09-27T12:00:00,268,267,True
2025-09-27,18,2025-09-27T18:00:00,2025-09-27T18:00:00,268,267,True
2025-09-28,0,2025-09-28T00:00:00,2025-09-28T00:00:00,269,268,True
2025-09-28,6,2025-09-28T06:00:00,2025-09-28T06:00:00,269,268,True
2025-09-28,12,2025-09-28T12:00:00,2025-09-28T12:00:00,269,268,True
2025-09-28,18,2025-09-28T18:00:00,2025-09-28T18:00:00,269,268,True
2025-09-29,0,2025-09-29T00:00:00,2025-09-29T00:00:00,270,269,True
2025-09-29,6,2025-09-29T06:00:00,2025-09-29T06:00:00,270,269,True
2025-09-29,12,2025-09-29T12:00:00,2025-09-29T12:00:00,270,269,True
2025-09-29,18,2025-09-29T18:00:00,2025-09-29T18:00:00,270,269,True
2025-09-30,0,2025-09-30T00:00:00,2025-09-30T00:00:00,271,270,True
2025-09-30,6,2025-09-30T06:00:00,2025-09-30T06:00:00,271,270,True
2025-09-30,12,2025-09-30T12:00:00,2025-09-30T12:00:00,271,270,True
2025-09-30,18,2025-09-30T18:00:00,2025-09-30T18:00:00,271,270,True
2025-10-01,0,2025-10-01T00:00:00,2025-10-01T00:00:00,272,271,True
2025-10-01,6,2025-10-01T06:00:00,2025-10-01T06:00:00,272,271,True
2025-10-01,12,2025-10-01T12:00:00,2025-10-01T12:00:00,272,271,True
2025-10-01,18,2025-10-01T18:00:00,2025-10-01T18:00:00,272,271,True
2025-10-02,0,2025-10-02T00:00:00,2025-10-02T00:00:00,273,272,True
2025-10-02,6,2025-10-02T06:00:00,2025-10-02T06:00:00,273,272,True
2025-10-02,12,2025-10-02T12:00:00,2025-10-02T12:00:00,273,272,True
2025-10-02,18,2025-10-02T18:00:00,2025-10-02T18:00:00,273,272,True
2025-10-03,0,2025-10-03T00:00:00,2025-10-03T00:00:00,274,273,True
2025-10-03,6,2025-10-03T06:00:00,2025-10-03T06:00:00,274,273,True
2025-10-03,12,2025-10-03T12:00:00,2025-10-03T12:00:00,274,273,True
2025-10-03,18,2025-10-03T18:00:00,2025-10-03T18:00:00,274,273,True
2025-10-04,0,2025-10-04T00:00:00,2025-10-04T00:00:00,275,274,True
2025-10-04,6,2025-10-04T06:00:00,2025-10-04T06:00:00,275,274,True
2025-10-04,12,2025-10-04T12:00:00,2025-10-04T12:00:00,275,274,True
2025-10-04,18,2025-10-04T18:00:00,2025-10-04T18:00:00,275,274,True
2025-10-05,0,2025-10-05T00:00:00,2025-10-05T00:00:00,276,275,True
2025-10-05,6,2025-10-05T06:00:00,2025-10-05T06:00:00,276,275,True
2025-10-05,12,2025-10-05T12:00:00,2025-10-05T12:00:00,276,275,True
2025-10-05,18,2025-10-05T18:00:00,2025-10-05T18:00:00,276,275,True
2025-10-06,0,2025-10-06T00:00:00,2025-10-06T00:00:00,277,276,True
2025-10-06,6,2025-10-06T06:00:00,2025-10-06T06:00:00,277,276,True
2025-10-06,12,2025-10-06T12:00:00,2025-10-06T12:00:00,277,276,True
2025-10-06,18,2025-10-06T18:00:00,2025-10-06T18:00:00,277,276,True
2025-10-07,0,2025-10-07T00:00:00,2025-10-07T00:00:00,278,277,True
2025-10-07,6,2025-10-07T06:00:00,2025-10-07T06:00:00,278,277,True
2025-10-07,12,2025-10-07T12:00:00,2025-10-07T12:00:00,278,277,True
2025-10-07,18,2025-10-07T18:00:00,2025-10-07T18:00:00,278,277,True
2025-10-08,0,2025-10-08T00:00:00,2025-10-08T00:00:00,279,278,True
2025-10-08,6,2025-10-08T06:00:00,2025-10-08T06:00:00,279,278,True
2025-10-08,12,2025-10-08T12:00:00,2025-10-08T12:00:00,279,278,True
2025-10-08,18,2025-10-08T18:00:00,2025-10-08T18:00:00,279,278,True
2025-10-09,0,2025-10-09T00:00:00,2025-10-09T00:00:00,280,279,True
2025-10-09,6,2025-10-09T06:00:00,2025-10-09T06:00:00,280,279,True
2025-10-09,12,2025-10-09T12:00:00,2025-10-09T12:00:00,280,279,True
2025-10-09,18,2025-10-09T18:00:00,2025-10-09T18:00:00,280,279,True
2025-10-10,0,2025-10-10T00:00:00,2025-10-10T00:00:00,281,280,True
2025-10-10,6,2025-10-10T06:00:00,2025-10-10T06:00:00,281,280,True
2025-10-10,12,2025-10-10T12:00:00,2025-10-10T12:00:00,281,280,True
2025-10-10,18,2025-10-10T18:00:00,2025-10-10T18:00:00,281,280,True
2025-10-11,0,2025-10-11T00:00:00,2025-10-11T00:00:00,282,281,True
2025-10-11,6,2025-10-11T06:00:00,2025-10-11T06:00:00,282,281,True
2025-10-11,12,2025-10-11T12:00:00,2025-10-11T12:00:00,282,281,True
2025-10-11,18,2025-10-11T18:00:00,2025-10-11T18:00:00,282,281,True
2025-10-12,0,2025-10-12T00:00:00,2025-10-12T00:00:00,283,282,True
2025-10-12,6,2025-10-12T06:00:00,2025-10-12T06:00:00,283,282,True
2025-10-12,12,2025-10-12T12:00:00,2025-10-12T12:00:00,283,282,True
2025-10-12,18,2025-10-12T18:00:00,2025-10-12T18:00:00,283,282,True
2025-10-13,0,2025-10-13T00:00:00,2025-10-13T00:00:00,284,283,True
2025-10-13,6,2025-10-13T06:00:00,2025-10-13T06:00:00,284,283,True
2025-10-13,12,2025-10-13T12:00:00,2025-10-13T12:00:00,284,283,True
2025-10-13,18,2025-10-13T18:00:00,2025-10-13T18:00:00,284,283,True
2025-10-14,0,2025-10-14T00:00:00,2025-10-14T00:00:00,285,284,True
2025-10-14,6,2025-10-14T06:00:00,2025-10-14T06:00:00,285,284,True
2025-10-14,12,2025-10-14T12:00:00,2025-10-14T12:00:00,285,284,True
2025-10-14,18,2025-10-14T18:00:00,2025-10-14T18:00:00,285,284,True
2025-10-15,0,2025-10-15T00:00:00,2025-10-15T00:00:00,286,285,True
2025-10-15,6,2025-10-15T06:00:00,2025-10-15T06:00:00,286,285,True
2025-10-15,12,2025-10-15T12:00:00,2025-10-15T12:00:00,286,285,True
2025-10-15,18,2025-10-15T18:00:00,2025-10-15T18:00:00,286,285,True
2025-10-16,0,2025-10-16T00:00:00,2025-10-16T00:00:00,287,286,True
2025-10-16,6,2025-10-16T06:00:00,2025-10-16T06:00:00,287,286,True
2025-10-16,12,2025-10-16T12:00:00,2025-10-16T12:00:00,287,286,True
2025-10-16,18,2025-10-16T18:00:00,2025-10-16T18:00:00,287,286,True
2025-10-17,0,2025-10-17T00:00:00,2025-10-17T00:00:00,288,287,True
2025-10-17,6,2025-10-17T06:00:00,2025-10-17T06:00:00,288,287,True
2025-10-17,12,2025-10-17T12:00:00,2025-10-17T12:00:00,288,287,True
2025-10-17,18,2025-10-17T18:00:00,2025-10-17T18:00:00,288,287,True
2025-10-18,0,2025-10-18T00:00:00,2025-10-18T00:00:00,289,288,True
2025-10-18,6,2025-10-18T06:00:00,2025-10-18T06:00:00,289,288,True
2025-10-18,12,2025-10-18T12:00:00,2025-10-18T12:00:00,289,288,True
2025-10-18,18,2025-10-18T18:00:00,2025-10-18T18:00:00,289,288,True
2025-10-19,0,2025-10-19T00:00:00,2025-10-19T00:00:00,290,289,True
2025-10-19,6,2025-10-19T06:00:00,2025-10-19T06:00:00,290,289,True
2025-10-19,12,2025-10-19T12:00:00,2025-10-19T12:00:00,290,289,True
2025-10-19,18,2025-10-19T18:00:00,2025-10-19T18:00:00,290,289,True
2025-10-20,0,2025-10-20T00:00:00,2025-10-20T00:00:00,291,290,True
2025-10-20,6,2025-10-20T06:00:00,2025-10-20T06:00:00,291,290,True
2025-10-20,12,2025-10-20T12:00:00,2025-10-20T12:00:00,291,290,True
2025-10-20,18,2025-10-20T18:00:00,2025-10-20T18:00:00,291,290,True
2025-10-21,0,2025-10-21T00:00:00,2025-10-21T00:00:00,292,291,True
2025-10-21,6,2025-10-21T06:00:00,2025-10-21T06:00:00,292,291,True
2025-10-21,12,2025-10-21T12:00:00,2025-10-21T12:00:00,292,291,True
2025-10-21,18,2025-10-21T18:00:00,2025-10-21T18:00:00,292,291,True
2025-10-22,0,2025-10-22T00:00:00,2025-10-22T00:00:00,293,292,True
2025-10-22,6,2025-10-22T06:00:00,2025-10-22T06:00:00,293,292,True
2025-10-22,12,2025-10-22T12:00:00,2025-10-22T12:00:00,293,292,True
2025-10-22,18,2025-10-22T18:00:00,2025-10-22T18:00:00,293,292,True
2025-10-23,0,2025-10-23T00:00:00,2025-10-23T00:00:00,294,293,True
2025-10-23,6,2025-10-23T06:00:00,2025-10-23T06:00:00,294,293,True
2025-10-23,12,2025-10-23T12:00:00,2025-10-23T12:00:00,294,293,True
2025-10-23,18,2025-10-23T18:00:00,2025-10-23T18:00:00,294,293,True
2025-10-24,0,2025-10-24T00:00:00,2025-10-24T00:00:00,295,294,True
2025-10-24,6,2025-10-24T06:00:00,2025-10-24T06:00:00,295,294,True
2025-10-24,12,2025-10-24T12:00:00,2025-10-24T12:00:00,295,294,True
2025-10-24,18,2025-10-24T18:00:00,2025-10-24T18:00:00,295,294,True
2025-10-25,0,2025-10-25T00:00:00,2025-10-25T00:00:00,296,295,True
2025-10-25,6,2025-10-25T06:00:00,2025-10-25T06:00:00,296,295,True
2025-10-25,12,2025-10-25T12:00:00,2025-10-25T12:00:00,296,295,True
2025-10-25,18,2025-10-25T18:00:00,2025-10-25T18:00:00,296,295,True
2025-10-26,0,2025-10-26T00:00:00,2025-10-26T00:00:00,297,296,True
2025-10-26,6,2025-10-26T06:00:00,2025-10-26T06:00:00,297,296,True
2025-10-26,12,2025-10-26T12:00:00,2025-10-26T12:00:00,297,296,True
2025-10-26,18,2025-10-26T18:00:00,2025-10-26T18:00:00,297,296,True
2025-10-27,0,2025-10-27T00:00:00,2025-10-27T00:00:00,298,297,True
2025-10-27,6,2025-10-27T06:00:00,2025-10-27T06:00:00,298,297,True
2025-10-27,12,2025-10-27T12:00:00,2025-10-27T12:00:00,298,297,True
2025-10-27,18,2025-10-27T18:00:00,2025-10-27T18:00:00,298,297,True
2025-10-28,0,2025-10-28T00:00:00,2025-10-28T00:00:00,299,298,True
2025-10-28,6,2025-10-28T06:00:00,2025-10-28T06:00:00,299,298,True
2025-10-28,12,2025-10-28T12:00:00,2025-10-28T12:00:00,299,298,True
2025-10-28,18,2025-10-28T18:00:00,2025-10-28T18:00:00,299,298,True
2025-10-29,0,2025-10-29T00:00:00,2025-10-29T00:00:00,300,299,True
2025-10-29,6,2025-10-29T06:00:00,2025-10-29T06:00:00,300,299,True
2025-10-29,12,2025-10-29T12:00:00,2025-10-29T12:00:00,300,299,True
2025-10-29,18,2025-10-29T18:00:00,2025-10-29T18:00:00,300,299,True
2025-10-30,0,2025-10-30T00:00:00,2025-10-30T00:00:00,301,300,True
2025-10-30,6,2025-10-30T06:00:00,2025-10-30T06:00:00,301,300,True
2025-10-30,12,2025-10-30T12:00:00,2025-10-30T12:00:00,301,300,True
2025-10-30,18,2025-10-30T18:00:00,2025-10-30T18:00:00,301,300,True
2025-10-31,0,2025-10-31T00:00:00,2025-10-31T00:00:00,302,301,True
2025-10-31,6,2025-10-31T06:00:00,2025-10-31T06:00:00,302,301,True
2025-10-31,12,2025-10-31T12:00:00,2025-10-31T12:00:00,302,301,True
2025-10-31,18,2025-10-31T18:00:00,2025-10-31T18:00:00,302,301,True
2025-11-01,0,2025-11-01T00:00:00,2025-11-01T00:00:00,303,302,True
2025-11-01,6,2025-11-01T06:00:00,2025-11-01T06:00:00,303,302,True
2025-11-01,12,2025-11-01T12:00:00,2025-11-01T12:00:00,303,302,True
2025-11-01,18,2025-11-01T18:00:00,2025-11-01T18:00:00,303,302,True
2025-11-02,0,2025-11-02T00:00:00,2025-11-02T00:00:00,304,303,True
2025-11-02,6,2025-11-02T06:00:00,2025-11-02T06:00:00,304,303,True
2025-11-02,12,2025-11-02T12:00:00,2025-11-02T12:00:00,304,303,True
2025-11-02,18,2025-11-02T18:00:00,2025-11-02T18:00:00,304,303,True
2025-11-03,0,2025-11-03T00:00:00,2025-11-03T00:00:00,305,304,True
2025-11-03,6,2025-11-03T06:00:00,2025-11-03T06:00:00,305,304,True
2025-11-03,12,2025-11-03T12:00:00,2025-11-03T12:00:00,305,304,True
2025-11-03,18,2025-11-03T18:00:00,2025-11-03T18:00:00,305,304,True
2025-11-04,0,2025-11-04T00:00:00,2025-11-04T00:00:00,306,305,True
2025-11-04,6,2025-11-04T06:00:00,2025-11-04T06:00:00,306,305,True
2025-11-04,12,2025-11-04T12:00:00,2025-11-04T12:00:00,306,305,True
2025-11-04,18,2025-11-04T18:00:00,2025-11-04T18:00:00,306,305,True
2025-11-05,0,2025-11-05T00:00:00,2025-11-05T00:00:00,307,306,True
2025-11-05,6,2025-11-05T06:00:00,2025-11-05T06:00:00,307,306,True
2025-11-05,12,2025-11-05T12:00:00,2025-11-05T12:00:00,307,306,True
2025-11-05,18,2025-11-05T18:00:00,2025-11-05T18:00:00,307,306,True
2025-11-06,0,2025-11-06T00:00:00,2025-11-06T00:00:00,308,307,True
2025-11-06,6,2025-11-06T06:00:00,2025-11-06T06:00:00,308,307,True
2025-11-06,12,2025-11-06T12:00:00,2025-11-06T12:00:00,308,307,True
2025-11-06,18,2025-11-06T18:00:00,2025-11-06T18:00:00,308,307,True
2025-11-07,0,2025-11-07T00:00:00,2025-11-07T00:00:00,309,308,True
2025-11-07,6,2025-11-07T06:00:00,2025-11-07T06:00:00,309,308,True
2025-11-07,12,2025-11-07T12:00:00,2025-11-07T12:00:00,309,308,True
2025-11-07,18,2025-11-07T18:00:00,2025-11-07T18:00:00,309,308,True
2025-11-08,0,2025-11-08T00:00:00,2025-11-08T00:00:00,310,309,True
2025-11-08,6,2025-11-08T06:00:00,2025-11-08T06:00:00,310,309,True
2025-11-08,12,2025-11-08T12:00:00,2025-11-08T12:00:00,310,309,True
2025-11-08,18,2025-11-08T18:00:00,2025-11-08T18:00:00,310,309,True
2025-11-09,0,2025-11-09T00:00:00,2025-11-09T00:00:00,311,310,True
2025-11-09,6,2025-11-09T06:00:00,2025-11-09T06:00:00,311,310,True
2025-11-09,12,2025-11-09T12:00:00,2025-11-09T12:00:00,311,310,True
2025-11-09,18,2025-11-09T18:00:00,2025-11-09T18:00:00,311,310,True
2025-11-10,0,2025-11-10T00:00:00,2025-11-10T00:00:00,312,311,True
2025-11-10,6,2025-11-10T06:00:00,2025-11-10T06:00:00,312,311,True
2025-11-10,12,2025-11-10T12:00:00,2025-11-10T12:00:00,312,311,True
2025-11-10,18,2025-11-10T18:00:00,2025-11-10T18:00:00,312,311,True
2025-11-11,0,2025-11-11T00:00:00,2025-11-11T00:00:00,313,312,True
2025-11-11,6,2025-11-11T06:00:00,2025-11-11T06:00:00,313,312,True
2025-11-11,12,2025-11-11T12:00:00,2025-11-11T12:00:00,313,312,True
2025-11-11,18,2025-11-11T18:00:00,2025-11-11T18:00:00,313,312,True
2025-11-12,0,2025-11-12T00:00:00,2025-11-12T00:00:00,314,313,True
2025-11-12,6,2025-11-12T06:00:00,2025-11-12T06:00:00,314,313,True
2025-11-12,12,2025-11-12T12:00:00,2025-11-12T12:00:00,314,313,True
2025-11-12,18,2025-11-12T18:00:00,2025-11-12T18:00:00,314,313,True
2025-11-13,0,2025-11-13T00:00:00,2025-11-13T00:00:00,315,314,True
2025-11-13,6,2025-11-13T06:00:00,2025-11-13T06:00:00,315,314,True
2025-11-13,12,2025-11-13T12:00:00,2025-11-13T12:00:00,315,314,True
2025-11-13,18,2025-11-13T18:00:00,2025-11-13T18:00:00,315,314,True
2025-11-14,0,2025-11-14T00:00:00,2025-11-14T00:00:00,316,315,True
2025-11-14,6,2025-11-14T06:00:00,2025-11-14T06:00:00,316,315,True
2025-11-14,12,2025-11-14T12:00:00,2025-11-14T12:00:00,316,315,True
2025-11-14,18,2025-11-14T18:00:00,2025-11-14T18:00:00,316,315,True
2025-11-15,0,2025-11-15T00:00:00,2025-11-15T00:00:00,317,316,True
2025-11-15,6,2025-11-15T06:00:00,2025-11-15T06:00:00,317,316,True
2025-11-15,12,2025-11-15T12:00:00,2025-11-15T12:00:00,317,316,True
2025-11-15,18,2025-11-15T18:00:00,2025-11-15T18:00:00,317,316,True
2025-11-16,0,2025-11-16T00:00:00,2025-11-16T00:00:00,318,317,True
2025-11-16,6,2025-11-16T06:00:00,2025-11-16T06:00:00,318,317,True
2025-11-16,12,2025-11-16T12:00:00,2025-11-16T12:00:00,318,317,True
2025-11-16,18,2025-11-16T18:00:00,2025-11-16T18:00:00,318,317,True
2025-11-17,0,2025-11-17T00:00:00,2025-11-17T00:00:00,319,318,True
2025-11-17,6,2025-11-17T06:00:00,2025-11-17T06:00:00,319,318,True
2025-11-17,12,2025-11-17T12:00:00,2025-11-17T12:00:00,319,318,True
2025-11-17,18,2025-11-17T18:00:00,2025-11-17T18:00:00,319,318,True
2025-11-18,0,2025-11-18T00:00:00,2025-11-18T00:00:00,320,319,True
2025-11-18,6,2025-11-18T06:00:00,2025-11-18T06:00:00,320,319,True
2025-11-18,12,2025-11-18T12:00:00,2025-11-18T12:00:00,320,319,True
2025-11-18,18,2025-11-18T18:00:00,2025-11-18T18:00:00,320,319,True
2025-11-19,0,2025-11-19T00:00:00,2025-11-19T00:00:00,321,320,True
2025-11-19,6,2025-11-19T06:00:00,2025-11-19T06:00:00,321,320,True
2025-11-19,12,2025-11-19T12:00:00,2025-11-19T12:00:00,321,320,True
2025-11-19,18,2025-11-19T18:00:00,2025-11-19T18:00:00,321,320,True
2025-11-20,0,2025-11-20T00:00:00,2025-11-20T00:00:00,322,321,True
2025-11-20,6,2025-11-20T06:00:00,2025-11-20T06:00:00,322,321,True
2025-11-20,12,2025-11-20T12:00:00,2025-11-20T12:00:00,322,321,True
2025-11-20,18,2025-11-20T18:00:00,2025-11-20T18:00:00,322,321,True
2025-11-21,0,2025-11-21T00:00:00,2025-11-21T00:00:00,323,322,True
2025-11-21,6,2025-11-21T06:00:00,2025-11-21T06:00:00,323,322,True
2025-11-21,12,2025-11-21T12:00:00,2025-11-21T12:00:00,323,322,True
2025-11-21,18,2025-11-21T18:00:00,2025-11-21T18:00:00,323,322,True
2025-11-22,0,2025-11-22T00:00:00,2025-11-22T00:00:00,324,323,True
2025-11-22,6,2025-11-22T06:00:00,2025-11-22T06:00:00,324,323,True
2025-11-22,12,2025-11-22T12:00:00,2025-11-22T12:00:00,324,323,True
2025-11-22,18,2025-11-22T18:00:00,2025-11-22T18:00:00,324,323,True
2025-11-23,0,2025-11-23T00:00:00,2025-11-23T00:00:00,325,324,True
2025-11-23,6,2025-11-23T06:00:00,2025-11-23T06:00:00,325,324,True
2025-11-23,12,2025-11-23T12:00:00,2025-11-23T12:00:00,325,324,True
2025-11-23,18,2025-11-23T18:00:00,2025-11-23T18:00:00,325,324,True
2025-11-24,0,2025-11-24T00:00:00,2025-11-24T00:00:00,326,325,True
2025-11-24,6,2025-11-24T06:00:00,2025-11-24T06:00:00,326,325,True
2025-11-24,12,2025-11-24T12:00:00,2025-11-24T12:00:00,326,325,True
2025-11-24,18,2025-11-24T18:00:00,2025-11-24T18:00:00,326,325,True
2025-11-25,0,2025-11-25T00:00:00,2025-11-25T00:00:00,327,326,True
2025-11-25,6,2025-11-25T06:00:00,2025-11-25T06:00:00,327,326,True
2025-11-25,12,2025-11-25T12:00:00,2025-11-25T12:00:00,327,326,True
2025-11-25,18,2025-11-25T18:00:00,2025-11-25T18:00:00,327,326,True
2025-11-26,0,2025-11-26T00:00:00,2025-11-26T00:00:00,328,327,True
2025-11-26,6,2025-11-26T06:00:00,2025-11-26T06:00:00,328,327,True
2025-11-26,12,2025-11-26T12:00:00,2025-11-26T12:00:00,328,327,True
2025-11-26,18,2025-11-26T18:00:00,2025-11-26T18:00:00,328,327,True
2025-11-27,0,2025-11-27T00:00:00,2025-11-27T00:00:00,329,328,True
2025-11-27,6,2025-11-27T06:00:00,2025-11-27T06:00:00,329,328,True
2025-11-27,12,2025-11-27T12:00:00,2025-11-27T12:00:00,329,328,True
2025-11-27,18,2025-11-27T18:00:00,2025-11-27T18:00:00,329,328,True
2025-11-28,0,2025-11-28T00:00:00,2025-11-28T00:00:00,330,329,True
2025-11-28,6,2025-11-28T06:00:00,2025-11-28T06:00:00,330,329,True
2025-11-28,12,2025-11-28T12:00:00,2025-11-28T12:00:00,330,329,True
2025-11-28,18,2025-11-28T18:00:00,2025-11-28T18:00:00,330,329,True
2025-11-29,0,2025-11-29T00:00:00,2025-11-29T00:00:00,331,330,True
2025-11-29,6,2025-11-29T06:00:00,2025-11-29T06:00:00,331,330,True
2025-11-29,12,2025-11-29T12:00:00,2025-11-29T12:00:00,331,330,True
2025-11-29,18,2025-11-29T18:00:00,2025-11-29T18:00:00,331,330,True
2025-11-30,0,2025-11-30T00:00:00,2025-11-30T00:00:00,332,331,True
2025-11-30,6,2025-11-30T06:00:00,2025-11-30T06:00:00,332,331,True
2025-11-30,12,2025-11-30T12:00:00,2025-11-30T12:00:00,332,331,True
2025-11-30,18,2025-11-30T18:00:00,2025-11-30T18:00:00,332,331,True
2025-12-01,0,2025-12-01T00:00:00,2025-12-01T00:00:00,333,332,True
2025-12-01,6,2025-12-01T06:00:00,2025-12-01T06:00:00,333,332,True
2025-12-01,12,2025-12-01T12:00:00,2025-12-01T12:00:00,333,332,True
2025-12-01,18,2025-12-01T18:00:00,2025-12-01T18:00:00,333,332,True
2025-12-02,0,2025-12-02T00:00:00,2025-12-02T00:00:00,334,333,True
2025-12-02,6,2025-12-02T06:00:00,2025-12-02T06:00:00,334,333,True
2025-12-02,12,2025-12-02T12:00:00,2025-12-02T12:00:00,334,333,True
2025-12-02,18,2025-12-02T18:00:00,2025-12-02T18:00:00,334,333,True
2025-12-03,0,2025-12-03T00:00:00,2025-12-03T00:00:00,335,334,True
2025-12-03,6,2025-12-03T06:00:00,2025-12-03T06:00:00,335,334,True
2025-12-03,12,2025-12-03T12:00:00,2025-12-03T12:00:00,335,334,True
2025-12-03,18,2025-12-03T18:00:00,2025-12-03T18:00:00,335,334,True
2025-12-04,0,2025-12-04T00:00:00,2025-12-04T00:00:00,336,335,True
2025-12-04,6,2025-12-04T06:00:00,2025-12-04T06:00:00,336,335,True
2025-12-04,12,2025-12-04T12:00:00,2025-12-04T12:00:00,336,335,True
2025-12-04,18,2025-12-04T18:00:00,2025-12-04T18:00:00,336,335,True
2025-12-05,0,2025-12-05T00:00:00,2025-12-05T00:00:00,337,336,True
2025-12-05,6,2025-12-05T06:00:00,2025-12-05T06:00:00,337,336,True
2025-12-05,12,2025-12-05T12:00:00,2025-12-05T12:00:00,337,336,True
2025-12-05,18,2025-12-05T18:00:00,2025-12-05T18:00:00,337,336,True
2025-12-06,0,2025-12-06T00:00:00,2025-12-06T00:00:00,338,337,True
2025-12-06,6,2025-12-06T06:00:00,2025-12-06T06:00:00,338,337,True
2025-12-06,12,2025-12-06T12:00:00,2025-12-06T12:00:00,338,337,True
2025-12-06,18,2025-12-06T18:00:00,2025-12-06T18:00:00,338,337,True
2025-12-07,0,2025-12-07T00:00:00,2025-12-07T00:00:00,339,338,True
2025-12-07,6,2025-12-07T06:00:00,2025-12-07T06:00:00,339,338,True
2025-12-07,12,2025-12-07T12:00:00,2025-12-07T12:00:00,339,338,True
2025-12-07,18,2025-12-07T18:00:00,2025-12-07T18:00:00,339,338,True
2025-12-08,0,2025-12-08T00:00:00,2025-12-08T00:00:00,340,339,True
2025-12-08,6,2025-12-08T06:00:00,2025-12-08T06:00:00,340,339,True
2025-12-08,12,2025-12-08T12:00:00,2025-12-08T12:00:00,340,339,True
2025-12-08,18,2025-12-08T18:00:00,2025-12-08T18:00:00,340,339,True
2025-12-09,0,2025-12-09T00:00:00,2025-12-09T00:00:00,341,340,True
2025-12-09,6,2025-12-09T06:00:00,2025-12-09T06:00:00,341,340,True
2025-12-09,12,2025-12-09T12:00:00,2025-12-09T12:00:00,341,340,True
2025-12-09,18,2025-12-09T18:00:00,2025-12-09T18:00:00,341,340,True
2025-12-10,0,2025-12-10T00:00:00,2025-12-10T00:00:00,342,341,True
2025-12-10,6,2025-12-10T06:00:00,2025-12-10T06:00:00,342,341,True
2025-12-10,12,2025-12-10T12:00:00,2025-12-10T12:00:00,342,341,True
2025-12-10,18,2025-12-10T18:00:00,2025-12-10T18:00:00,342,341,True
2025-12-11,0,2025-12-11T00:00:00,2025-12-11T00:00:00,343,342,True
2025-12-11,6,2025-12-11T06:00:00,2025-12-11T06:00:00,343,342,True
2025-12-11,12,2025-12-11T12:00:00,2025-12-11T12:00:00,343,342,True
2025-12-11,18,2025-12-11T18:00:00,2025-12-11T18:00:00,343,342,True
2025-12-12,0,2025-12-12T00:00:00,2025-12-12T00:00:00,344,343,True
2025-12-12,6,2025-12-12T06:00:00,2025-12-12T06:00:00,344,343,True
2025-12-12,12,2025-12-12T12:00:00,2025-12-12T12:00:00,344,343,True
2025-12-12,18,2025-12-12T18:00:00,2025-12-12T18:00:00,344,343,True
2025-12-13,0,2025-12-13T00:00:00,2025-12-13T00:00:00,345,344,True
2025-12-13,6,2025-12-13T06:00:00,2025-12-13T06:00:00,345,344,True
2025-12-13,12,2025-12-13T12:00:00,2025-12-13T12:00:00,345,344,True
2025-12-13,18,2025-12-13T18:00:00,2025-12-13T18:00:00,345,344,True
2025-12-14,0,2025-12-14T00:00:00,2025-12-14T00:00:00,346,345,True
2025-12-14,6,2025-12-14T06:00:00,2025-12-14T06:00:00,346,345,True
2025-12-14,12,2025-12-14T12:00:00,2025-12-14T12:00:00,346,345,True
2025-12-14,18,2025-12-14T18:00:00,2025-12-14T18:00:00,346,345,True
2025-12-15,0,2025-12-15T00:00:00,2025-12-15T00:00:00,347,346,True
2025-12-15,6,2025-12-15T06:00:00,2025-12-15T06:00:00,347,346,True
2025-12-15,12,2025-12-15T12:00:00,2025-12-15T12:00:00,347,346,True
2025-12-15,18,2025-12-15T18:00:00,2025-12-15T18:00:00,347,346,True
2025-12-16,0,2025-12-16T00:00:00,2025-12-16T00:00:00,348,347,True
2025-12-16,6,2025-12-16T06:00:00,2025-12-16T06:00:00,348,347,True
2025-12-16,12,2025-12-16T12:00:00,2025-12-16T12:00:00,348,347,True
2025-12-16,18,2025-12-16T18:00:00,2025-12-16T18:00:00,348,347,True
2025-12-17,0,2025-12-17T00:00:00,2025-12-17T00:00:00,349,348,True
2025-12-17,6,2025-12-17T06:00:00,2025-12-17T06:00:00,349,348,True
2025-12-17,12,2025-12-17T12:00:00,2025-12-17T12:00:00,349,348,True
2025-12-17,18,2025-12-17T18:00:00,2025-12-17T18:00:00,349,348,True
2025-12-18,0,2025-12-18T00:00:00,2025-12-18T00:00:00,350,349,True
2025-12-18,6,2025-12-18T06:00:00,2025-12-18T06:00:00,350,349,True
2025-12-18,12,2025-12-18T12:00:00,2025-12-18T12:00:00,350,349,True
2025-12-18,18,2025-12-18T18:00:00,2025-12-18T18:00:00,350,349,True
2025-12-19,0,2025-12-19T00:00:00,2025-12-19T00:00:00,351,350,True
2025-12-19,6,2025-12-19T06:00:00,2025-12-19T06:00:00,351,350,True
2025-12-19,12,2025-12-19T12:00:00,2025-12-19T12:00:00,351,350,True
2025-12-19,18,2025-12-19T18:00:00,2025-12-19T18:00:00,351,350,True
2025-12-20,0,2025-12-20T00:00:00,2025-12-20T00:00:00,352,351,True
2025-12-20,6,2025-12-20T06:00:00,2025-12-20T06:00:00,352,351,True
2025-12-20,12,2025-12-20T12:00:00,2025-12-20T12:00:00,352,351,True
2025-12-20,18,2025-12-20T18:00:00,2025-12-20T18:00:00,352,351,True
2025-12-21,0,2025-12-21T00:00:00,2025-12-21T00:00:00,353,352,True
2025-12-21,6,2025-12-21T06:00:00,2025-12-21T06:00:00,353,352,True
2025-12-21,12,2025-12-21T12:00:00,2025-12-21T12:00:00,353,352,True
2025-12-21,18,2025-12-21T18:00:00,2025-12-21T18:00:00,353,352,True
2025-12-22,0,2025-12-22T00:00:00,2025-12-22T00:00:00,354,353,True
2025-12-22,6,2025-12-22T06:00:00,2025-12-22T06:00:00,354,353,True
2025-12-22,12,2025-12-22T12:00:00,2025-12-22T12:00:00,354,353,True
2025-12-22,18,2025-12-22T18:00:00,2025-12-22T18:00:00,354,353,True
2025-12-23,0,2025-12-23T00:00:00,2025-12-23T00:00:00,355,354,True
2025-12-23,6,2025-12-23T06:00:00,2025-12-23T06:00:00,355,354,True
2025-12-23,12,2025-12-23T12:00:00,2025-12-23T12:00:00,355,354,True
2025-12-23,18,2025-12-23T18:00:00,2025-12-23T18:00:00,355,354,True
2025-12-24,0,2025-12-24T00:00:00,2025-12-24T00:00:00,356,355,True
2025-12-24,6,2025-12-24T06:00:00,2025-12-24T06:00:00,356,355,True
2025-12-24,12,2025-12-24T12:00:00,2025-12-24T12:00:00,356,355,True
2025-12-24,18,2025-12-24T18:00:00,2025-12-24T18:00:00,356,355,True
2025-12-25,0,2025-12-25T00:00:00,2025-12-25T00:00:00,357,356,True
2025-12-25,6,2025-12-25T06:00:00,2025-12-25T06:00:00,357,356,True
2025-12-25,12,2025-12-25T12:00:00,2025-12-25T12:00:00,357,356,True
2025-12-25,18,2025-12-25T18:00:00,2025-12-25T18:00:00,357,356,True
2025-12-26,0,2025-12-26T00:00:00,2025-12-26T00:00:00,358,357,True
2025-12-26,6,2025-12-26T06:00:00,2025-12-26T06:00:00,358,357,True
2025-12-26,12,2025-12-26T12:00:00,2025-12-26T12:00:00,358,357,True
2025-12-26,18,2025-12-26T18:00:00,2025-12-26T18:00:00,358,357,True
2025-12-27,0,2025-12-27T00:00:00,2025-12-27T00:00:00,359,358,True
2025-12-27,6,2025-12-27T06:00:00,2025-12-27T06:00:00,359,358,True
2025-12-27,12,2025-12-27T12:00:00,2025-12-27T12:00:00,359,358,True
2025-12-27,18,2025-12-27T18:00:00,2025-12-27T18:00:00,359,358,True
2025-12-28,0,2025-12-28T00:00:00,2025-12-28T00:00:00,360,359,True
2025-12-28,6,2025-12-28T06:00:00,2025-12-28T06:00:00,360,359,True
2025-12-28,12,2025-12-28T12:00:00,2025-12-28T12:00:00,360,359,True
2025-12-28,18,2025-12-28T18:00:00,2025-12-28T18:00:00,360,359,True
2025-12-29,0,2025-12-29T00:00:00,2025-12-29T00:00:00,361,360,True
2025-12-29,6,2025-12-29T06:00:00,2025-12-29T06:00:00,361,360,True
2025-12-29,12,2025-12-29T12:00:00,2025-12-29T12:00:00,361,360,True
2025-12-29,18,2025-12-29T18:00:00,2025-12-29T18:00:00,361,360,True
2025-12-30,0,2025-12-30T00:00:00,2025-12-30T00:00:00,362,361,True
2025-12-30,6,2025-12-30T06:00:00,2025-12-30T06:00:00,362,361,True
2025-12-30,12,2025-12-30T12:00:00,2025-12-30T12:00:00,362,361,True
2025-12-30,18,2025-12-30T18:00:00,2025-12-30T18:00:00,362,361,True
2025-12-31,0,2025-12-31T00:00:00,2025-12-31T00:00:00,363,362,True
2025-12-31,6,2025-12-31T06:00:00,2025-12-31T06:00:00,363,362,True
2025-12-31,12,2025-12-31T12:00:00,2025-12-31T12:00:00,363,362,True
2025-12-31,18,2025-12-31T18:00:00,2025-12-31T18:00:00,363,362,True
