date,plan_kwh,plan_cost_yuan,emergency_kwh,emergency_cost_yuan,total_cost_yuan,charge_kwh,discharge_kwh,curtailment_kwh,soc_00_kwh,soc_24_kwh,load_mae_kw,pv_mae_kw,net_mae_kw,scenario_count,pred_expected_emergency_cost,pred_cvar_cost
2025-01-01,125352.02047729565,78933.95136104863,2465.973133333336,11716.040231008348,90649.99159205698,26628.64922393962,19507.788555903197,28444.746259259253,6000.0,10699.140118523617,1226.2516645833334,1468.7909319444448,1371.9282909722217,1,0.0,0.0
2025-01-02,92328.03715477238,58685.45899276197,1337.0669766666674,5976.340253435001,64661.79924619697,24531.836901427705,24302.5037329516,638.0826796296212,10699.140118523617,8354.995843783516,139.05151874999996,61.15045208333332,171.52149305555554,1,0.0,0.0
2025-01-03,95376.85768812257,60215.30293260966,0.0,0.0,60215.30293260966,12199.217726636734,8659.761347306396,46306.59895879223,8354.995843783516,10800.0,1907.9954646604942,85.90598857323238,1965.8697893448375,1,0.0,0.0
2025-01-04,56059.091499664515,30903.55561810471,0.0,0.0,30903.55561810471,16955.816207120268,16356.558487805552,10897.68974701647,10800.0,9644.373139434223,429.9406261574077,79.23395785984853,486.98099721170064,1,0.0,0.0
2025-01-05,53347.38201312645,30037.943392402638,33863.7535234094,159322.77544735797,189360.7188397606,10705.198958511031,14326.308038641837,0.0,9644.373139434223,4698.961972585477,1504.6666925925924,53.073449053030345,1486.9182737163296,1,0.0,0.0
2025-01-06,86601.91424504423,54817.439501318564,5484.905054747473,30903.48846541593,85720.9279667345,22420.609847580432,21364.16142649242,301.2414453703709,4698.961972585477,3449.21659801591,206.52885470679,59.46239460227274,223.3097902041244,2,0.0,0.0
2025-01-07,91852.33070348654,58732.23163329488,2619.7379842003306,15977.096283703904,74709.3279169988,23850.070399457072,22264.752453184345,300.5514580808083,3449.21659801591,2606.2702793484596,130.20791358024692,100.5746832070707,208.68427852132433,3,0.0,0.0
2025-01-08,129066.03647955695,88494.02616773061,0.0,0.0,88494.02616773061,20904.85256218294,13643.290413111532,32104.242372152206,2606.2702793484596,8057.063925109228,148.91868156250015,114.21324289930556,232.32485772569459,4,0.0,0.0
2025-01-09,122711.01747904069,85855.53230375779,0.0,0.0,85855.53230375779,15188.28055601431,13670.471628885938,30006.88222691232,8057.063925109228,8055.989669374829,115.30479687499997,86.86998833333338,161.77461270833345,5,0.0,0.0
2025-01-10,97090.1011490382,64771.49552233906,0.0,0.0,64771.49552233906,9969.828168988959,6369.648581747894,48010.4273034638,8055.989669374829,10800.0,860.3721569097228,86.5293076388889,851.2495262152783,5,0.0,0.0
2025-01-11,52485.84114601168,29072.49395358385,0.0,0.0,29072.49395358385,16248.586958333688,16254.370677002615,7713.73762301394,10800.0,9081.151973632122,214.26038086805596,52.046868576388874,225.89472041666704,5,0.0,0.0
2025-01-12,79472.92003996999,48891.49506147667,11111.347178853917,55959.91837791186,104851.41343938853,19152.332867732162,19474.747340574915,0.0,9081.151973632122,6722.464133112319,634.7146318749993,63.023836423611115,674.2861439930548,5,0.0,0.0
2025-01-13,95975.27118786737,61819.96680249407,0.0,0.0,61819.96680249407,22577.667263763553,21043.405845375833,6205.4158444796585,6722.464133112319,5959.822575623751,131.86503906249996,112.2081908680556,190.45912784722253,5,0.0,0.0
2025-01-14,96906.48565418329,62111.98648623604,155.23951333332946,1056.5843075966418,63168.57079383268,24041.204059549753,21496.218634643516,5265.503559277038,5959.822575623751,6108.307343133347,120.2261602083332,83.29007406250001,173.9351103819445,5,0.0,0.0
2025-01-15,106219.92108694353,70480.73576334366,262.9535457154884,1692.7954255028935,72173.53118884655,21737.339541477173,18267.024781189393,12904.409772371255,6108.307343133347,7475.023515753286,118.62326069444453,58.29214309027778,145.07223635416682,5,0.0,0.0
2025-01-16,105542.31781535661,70474.89654476263,175.53575566666632,1080.5285691206827,71555.4251138833,19750.21104669192,17787.124676238214,14636.905167236251,7475.023515753286,7462.443201290058,123.05399500000006,100.81553277777778,187.42837625,5,0.0,0.0
2025-01-17,78620.09513679228,49239.84398326573,0.0,0.0,49239.84398326573,11460.425573343628,8171.01721936154,32662.81123281018,7462.443201290058,9721.749126726096,873.2028931944448,73.0753063541667,930.3080412847227,5,0.0,0.0
2025-01-18,59730.79432533183,35564.023166956365,0.0,0.0,35564.023166956365,10168.980307438746,11047.729910861537,17464.459662087957,9721.749126726096,7723.561071700668,221.81443243055585,77.2831985763889,259.7966176736114,5,0.0,0.0
2025-01-19,88282.77652487635,56401.43574345872,3421.14156296507,20681.579054342765,77083.01479780149,21989.374694059108,21077.89858127146,2098.79150838711,7723.561071700668,6366.457642912665,649.986088055555,86.35931597222225,623.1381434722216,5,0.0,0.0
2025-01-20,104784.1330469946,69458.8226220304,54.883101666669916,370.17368889543854,69828.99631092584,21430.77524859615,18074.20143423653,13416.08353430166,6366.457642912665,7645.595045240352,106.22240909722224,64.86567368055556,142.61684048611127,5,0.0,0.0
2025-01-21,93592.97484613757,60260.38769157433,13.261441944445266,83.2884861320885,60343.67617770642,20447.128478227172,19290.21692000841,8901.783463196607,7645.595045240352,6709.770316979264,120.29939500000015,194.8586415277778,288.5540965277782,5,0.0,0.0
2025-01-22,102286.60258762325,68292.4955610327,166.88853249999514,1010.217060704274,69302.71262173698,20903.628931180792,18260.744812292087,10927.56948179011,6709.770316979264,7292.178826653696,103.04265186342585,88.64260466435185,154.05347310185184,5,0.0,0.0
2025-01-23,102006.83860918238,68573.15880914897,22.418258833333553,139.52003384925135,68712.67884299823,19197.034535888048,17973.471070125423,11168.448232808636,7292.178826653696,6558.3828493694855,110.37201159722225,62.77959988425925,137.10455358796298,5,0.0,0.0
2025-01-24,78095.95529244603,48507.837861406966,0.0,0.0,48507.837861406966,14045.344376929484,8616.858591708755,32858.696107225296,6558.3828493694855,10800.0,875.4614877662042,127.82315554398147,998.3279938194448,5,0.0,0.0
2025-01-25,55959.73041241345,33377.84602533301,0.0,0.0,33377.84602533301,10890.137331526525,12628.760587318317,19276.50306264969,10800.0,7819.40890626507,207.48602502314856,149.8444479976852,356.68499494213,5,0.0,0.0
2025-01-26,84560.14329856074,54238.51318880392,4132.182713223774,23865.67484410568,78104.1880329096,20877.13413984567,19997.306671672275,174.38923250000062,7819.40890626507,6546.185325441736,672.5530150462956,97.49860026620365,686.3129913310179,5,0.0,0.0
2025-01-27,102528.36524870973,68269.92418083691,0.0,0.0,68269.92418083691,19119.95616006796,16450.353409896044,15621.588326315603,6546.185325441736,7344.773363959918,126.82670386574077,123.73428291666667,225.99042692129652,5,0.0,0.0
2025-01-28,99233.30281235345,66015.45401914741,122.21606488889404,779.7354461666989,66795.1894653141,20129.522244267206,17982.00822945159,10247.211301315605,7344.773363959918,7486.613945179605,125.75209728009249,86.73577380787033,185.21573101851837,5,0.0,0.0
2025-01-29,102682.54201014274,68214.99916175041,0.0,0.0,68214.99916175041,17343.149598472683,15389.002668347643,19341.158710573272,7486.613945179605,7718.337188046336,125.40583638888904,224.91279187499998,308.0252496527783,5,0.0,0.0
2025-01-30,99979.47177177857,66577.11746812321,231.758770111113,1508.544263655874,68085.66173177908,18837.927150046773,17101.016000792082,14683.448025968326,7718.337188046336,7563.510423359079,89.53754027777778,117.34552708333334,181.17180048611127,5,0.0,0.0
2025-01-31,73481.07768825474,45719.40645331617,0.0,0.0,45719.40645331617,12968.174263201141,8867.925286318321,30579.583744705244,7563.510423359079,10518.5867447443,872.2794550347226,98.65284656249997,906.9316482638894,5,0.0,0.0
2025-02-01,53218.85241717134,31586.160106385505,0.0,0.0,31586.160106385505,10105.356966358491,11333.10012563931,20151.037309785494,10518.5867447443,8159.233670313461,365.73204114583376,70.83871524305559,408.3224711111116,5,0.0,0.0
2025-02-02,81369.3937381171,52010.15723916373,2249.662011527778,14212.064723267202,66222.22196243094,18573.66923388889,18375.20293253493,5055.952748290914,8159.233670313461,6410.598877813297,542.6325869444439,140.52151680555562,406.09833784722156,5,0.0,0.0
2025-02-03,97690.60066724154,64459.50395025934,11.894035833331937,74.60533976457458,64534.10929002392,19041.479878619062,15941.02058030556,14409.131946428028,6410.598877813297,7671.621721695916,117.00837069444466,87.02842618055554,172.7929178472224,5,0.0,0.0
2025-02-04,97475.90910405456,64656.97051408763,0.0,0.0,64656.97051408763,18735.725833819208,16869.335381520625,14353.815868422651,7671.621721695916,7664.051090803507,165.3183531597227,81.67551541666666,179.6657814236115,5,0.0,0.0
2025-02-05,95965.77047303604,63588.622826889434,30.86869640740855,193.38288854011827,63782.00571542955,18509.954332970905,16805.035969960853,13547.348239766734,7664.051090803507,7510.072338792993,119.66997253472255,89.80194194444441,155.28311142361136,5,0.0,0.0
2025-02-06,96754.2408442809,64237.269083739986,0.0,0.0,64237.269083739986,18085.711358937988,16172.781264923826,14512.737575266738,7510.072338792993,7620.076339427156,124.66804486111138,67.30135628472222,172.4821900347225,5,0.0,0.0
2025-02-07,70736.08792559418,43653.0475780678,0.0,0.0,43653.0475780678,13008.934263742514,9015.325608201598,34946.10677005325,7620.076339427156,10458.447410890127,954.7875232291672,169.95095416666666,1086.5770487847228,5,0.0,0.0
2025-02-08,48317.28254648975,28595.508102230917,0.0,0.0,28595.508102230917,10264.72507006173,11726.538720638888,18251.812813733573,10458.447410890127,7835.563501479469,246.25545420138923,129.69237586805554,334.0754712500003,5,0.0,0.0
2025-02-09,76798.23231944424,48688.0750848146,3746.701012371505,21447.389130429106,70135.4642152437,20144.47744878474,19456.980641413422,339.76814111111116,7835.563501479469,6436.8343995400155,641.9294921874994,121.87961194444446,659.9766330208327,5,0.0,0.0
2025-02-10,90415.19228509799,58791.3666925058,0.0,0.0,58791.3666925058,17800.603262875968,15309.324664618263,13642.496436840302,6436.8343995400155,7186.524283858227,111.34300638888907,219.59797833333332,306.90460284722263,5,0.0,0.0
2025-02-11,88117.62760202782,57481.22640726574,115.64524050000202,750.2981143562638,58231.52452162201,17926.08361136832,16196.211754951597,11207.035102777772,7186.524283858227,7120.394201407073,93.66542600694456,143.93310041666663,201.4102554513893,5,0.0,0.0
2025-02-12,93620.84923375388,61624.620568893944,0.0,0.0,61624.620568893944,17520.207057353626,15623.837276416669,16462.88990281691,7120.394201407073,7272.551486665736,99.31234937500014,148.2028198611111,221.11626527777807,5,0.0,0.0
2025-02-13,92341.51418506884,61046.810534304735,0.0,0.0,61046.810534304735,14519.31709802045,13637.893048784928,20088.597327499992,7272.551486665736,6671.183610010926,109.70694076388908,281.69424704861115,372.26023975694477,5,0.0,0.0
2025-02-14,64504.18880896744,39539.08186535685,0.0,0.0,39539.08186535685,12820.629695665164,8302.997438534929,30207.652860170536,6671.183610010926,10081.77310200748,883.1643619444449,118.65412833333338,905.4625475000004,5,0.0,0.0
2025-02-15,45426.65029450438,26670.21277452509,0.0,0.0,26670.21277452509,9652.832606183898,11311.057461368264,17855.453466355415,10081.77310200748,7316.352733382979,211.3047608680559,98.84743114583331,301.3367752083337,5,0.0,0.0
2025-02-16,75339.45525003067,47351.35353216372,3123.867855040124,18891.51036454967,66242.86389671339,19648.527385193145,18417.479238363074,1841.8912749074045,7316.352733382979,6542.854777640351,638.7294702083328,112.81438392361109,564.7920854513883,5,0.0,0.0
2025-02-17,90825.03659487057,59260.21777878649,282.0601375000027,1873.8743145097774,61134.09209329627,16027.975192833734,13519.82285523765,17423.941228107837,6542.854777640351,7497.182549799046,100.81413638888894,177.3356105902778,252.11673468750035,5,0.0,0.0
2025-02-18,88653.80767137496,58027.162195231016,233.93478017901202,1524.8906031293536,59552.05279836037,16221.020461074475,14378.617233967032,14957.165024446545,7497.182549799046,7729.400384194049,106.09397656250006,121.95079482638887,181.9241075694446,5,0.0,0.0
2025-02-19,87087.4923849861,56764.557327426766,325.4648975000006,2023.0545929110135,58787.61192033778,16682.982769747316,15396.471125689251,13295.486963428026,7729.400384194049,7326.9619374529575,107.43500399305557,118.92687625000003,195.21337920138905,5,0.0,0.0
2025-02-20,85431.8092493088,55826.927085153584,56.43896631667196,357.1786851546585,56184.10577030824,15162.638389212018,14430.413358218266,13681.438284631728,7326.9619374529575,6500.512468448282,114.83259406250012,143.21428107638891,222.9039943750003,5,0.0,0.0
2025-02-21,61895.2955010091,37322.79565098242,0.0,0.0,37322.79565098242,13763.329592243861,8519.48629915993,31106.99250792517,6500.512468448282,10577.226311526414,867.3227070486116,127.72934722222222,995.0295707291671,5,0.0,0.0
2025-02-22,40608.68456450598,23854.85042939872,0.33292833333351624,1.9703541487513059,23856.82078354747,10512.45957429808,12085.853488868266,14389.245774076167,10577.226311526414,7810.612967122151,217.7577667708337,72.06736340277777,233.14545552083365,5,0.0,0.0
2025-02-23,70336.86509830228,43859.79563937851,2612.9668856666663,15748.339251317106,59608.13489069562,18521.173865038814,18218.8930194032,1106.0362883333314,7810.612967122151,6176.9418104220285,652.9464145138883,151.51977083333333,525.3692587499994,5,0.0,0.0
2025-02-24,86216.25225232256,55511.51842711393,58.7899757499992,374.27601151911983,55885.79443863305,16733.160283503552,13777.953920153202,15103.793206388895,6176.9418104220285,7528.172866807446,107.7370881597223,160.1955954861112,230.59826642361153,5,0.0,0.0
2025-02-25,84213.91118343368,54564.710123358534,62.26075000000033,419.9260370325022,54984.63616039103,14692.899617670231,13284.183756736536,17033.367505833325,7528.172866807446,7464.322158190768,105.77615760416661,255.10726274305557,318.6531770833337,5,0.0,0.0
2025-02-26,82540.97654815592,53256.470004207265,0.0,0.0,53256.470004207265,16346.10972563318,14469.024687118268,11867.045892974333,7464.322158190768,7719.912265500415,108.08186493055554,109.5992146875,168.15534892361123,5,0.0,0.0
2025-02-27,79983.80288348746,52009.089458025825,115.38407466666688,736.879514753418,52745.96897277924,15092.956034205483,15746.041069569865,13711.284043518513,7719.912265500415,5440.56293656368,100.0059769791668,176.25262423611113,235.14667690972246,5,0.0,0.0
2025-02-28,56615.553711489236,34061.92766765895,0.0,0.0,34061.92766765895,13819.976561705473,9086.600871701597,28620.899138152025,5440.56293656368,8973.225565620403,865.3652608333338,141.46561826388884,932.8017165972227,5,0.0,0.0
2025-03-01,38523.98095736289,22617.700733433743,0.0,0.0,22617.700733433743,10539.99988920548,10726.283788416667,15082.618339907407,8973.225565620403,7665.851555051816,332.81142347222266,136.22954267361112,330.576750104167,5,0.0,0.0
2025-03-02,64951.80017049673,40202.689477319196,7597.455221666671,43911.5051804464,84114.19465776559,14798.353897696235,15202.199438403193,629.4055328703655,7665.851555051816,5680.27751327472,580.4879998263883,209.15399114583334,731.5061827083327,5,0.0,0.0
2025-03-03,83280.72057836886,53107.29420936004,0.12701583333318922,0.26933707458302775,53107.56354643463,20966.54131501279,17390.29798923653,7693.572593425928,5680.27751327472,7239.901465035489,145.901303715278,158.68817954861115,210.11856854166658,5,0.0,0.0
2025-03-04,80936.98342917443,52062.36069168082,0.0,0.0,52062.36069168082,17630.09151535541,15716.060980069864,9835.221793888886,7239.901465035489,7399.09198104894,125.40382951388918,119.84002822916663,172.29232468750013,5,0.0,0.0
2025-03-05,81079.08571010033,52037.45058219579,0.0,0.0,52037.45058219579,16365.570031096137,14748.033263403195,13339.072509074076,7399.09198104894,7379.042892532514,127.79137197916684,142.1662813888889,234.54844906250028,5,0.0,0.0
2025-03-06,77301.26250852628,50202.4253774433,0.0,0.0,50202.4253774433,13815.648649059116,14588.54747423653,12103.35111703703,7379.042892532514,5108.038760267702,142.85687225694457,99.87780795138886,194.26094229166677,5,0.0,0.0
2025-03-07,55101.65329584108,32754.632936388152,0.0,0.0,32754.632936388152,13719.14501989244,8702.318114284933,29112.76694023358,5108.038760267702,8950.11378267859,949.7395329166673,107.29961309027772,958.5065869791671,5,0.0,0.0
2025-03-08,35595.170385110905,21244.984020753283,0.0,0.0,21244.984020753283,10334.610406295778,10764.389394201604,16995.066648016735,8950.11378267859,7407.723364778039,206.54572510416705,172.6206771527778,378.8346504513893,5,0.0,0.0
2025-03-09,63550.45311967482,39034.73507893628,2454.358094250002,14970.477222448926,54005.21230138521,17539.428477059504,17625.563596653195,2772.5012001851796,7407.723364778039,5468.110881791471,639.4369945138883,230.18517378472222,494.1682542708329,5,0.0,0.0
2025-03-10,81419.15891098935,51805.53162152659,93.27741016666414,628.6461829627328,52434.17780448932,18917.350160133312,15124.75116911827,9688.687338474323,5468.110881791471,7471.7974428470625,119.38101906249993,150.22593128472218,233.06563972222233,5,0.0,0.0
2025-03-11,79574.8992007097,50795.56650200668,5.320916666666562,33.375449791666014,50828.94195179835,15698.869893279561,13858.204985201597,13765.767492631734,7471.7974428470625,7757.222430623737,106.78450562500014,171.33004246527776,246.03938329861143,5,0.0,0.0
2025-03-12,74333.42876297432,47798.86694306736,76.52210374999967,488.9827231269978,48287.84966619436,15434.514621388887,14428.363194201598,11011.898172870373,7757.222430623737,7190.858464845357,101.1244925694445,154.7144819444445,229.06890861111145,5,0.0,0.0
2025-03-13,71990.97558981899,46539.95497581189,162.92239166666326,1095.003231202978,47634.95820701487,15977.717152955784,16039.551827118266,4552.012180648142,7190.858464845357,5441.479728160046,102.30915072916663,234.92342892361108,302.4399043749999,5,0.0,0.0
2025-03-14,49862.04135759617,30026.593101793915,0.0,0.0,30026.593101793915,13833.57783814037,9141.337659333332,29178.578737122472,5441.479728160046,8929.348020763644,874.5524080208337,225.24809604166674,1083.8842460763894,5,0.0,0.0
2025-03-15,33380.36199613173,19992.97797145597,0.0,0.0,19992.97797145597,10561.143679205485,11729.716633034932,13709.272008294512,8929.348020763644,6584.321681287031,209.73124815972247,197.1875703819444,305.7465431944446,5,0.0,0.0
2025-03-16,58810.27747102987,36034.513715250534,5988.537676129622,34868.40065100248,70902.91436625301,15711.227840648146,14454.455910988643,178.5197841666668,6584.321681287031,6252.966786506777,658.2236780208328,163.45379715277772,586.6321858680551,5,0.0,0.0
2025-03-17,75460.02018148024,48023.49314516464,3.4078750000001037,7.286036750000221,48030.779181914644,15691.606676561452,12991.66892012037,14860.087783372477,6252.966786506777,7444.910495338394,103.85655621527769,321.85218895833333,374.5539805902783,5,0.0,0.0
2025-03-18,70824.79266217595,45309.58351179027,0.0,0.0,45309.58351179027,17031.130743356924,15581.910988868261,8285.063249353967,7444.910495338394,7177.283437532316,102.79137597222231,146.3693010763889,211.18552621527797,5,0.0,0.0
2025-03-19,74241.92311178456,47194.17229117285,0.0,0.0,47194.17229117285,16740.328021260066,14731.043234249999,12746.4321247745,7177.283437532316,7530.67005830764,100.65549510416666,153.89430600694442,199.14527715277802,5,0.0,0.0
2025-03-20,73280.36650146439,46932.655421072115,0.0,0.0,46932.655421072115,14428.823143582664,14453.978812951596,11021.483687500004,7530.67005830764,5983.2221515679275,109.02990253472232,90.61741652777779,157.7387404513891,5,0.0,0.0
2025-03-21,47723.85264748603,28884.89417717802,0.0,0.0,28884.89417717802,12716.31818525244,8979.157990583331,31979.434227816917,5983.2221515679275,8582.11725303158,844.7196440972227,227.39586829861113,1069.6903667708339,5,0.0,0.0
2025-03-22,32685.186491143097,19514.55204986321,0.0,0.0,19514.55204986321,10401.876112075852,10928.273922034932,17423.438442768842,8582.11725303158,6930.791226331305,226.3206336458337,123.3338802777778,287.7860932291671,5,0.0,0.0
2025-03-23,56234.89700580228,34434.03114266394,3111.129744118266,18263.97007547773,52698.00121814167,15696.686692075855,16550.78411178493,1392.3231779629568,6930.791226331305,4375.917440846355,663.6588456597218,220.1893989930556,533.9420348611106,5,0.0,0.0
2025-03-24,74075.51265369201,46418.999474809476,0.04525666666681616,0.28165486500093034,46419.28112967448,18684.89414959521,14519.388643403192,11938.438070833332,4375.917440846355,6797.184997630289,93.74954142361106,147.63668833333338,210.99562503472248,5,0.0,0.0
2025-03-25,71499.52698947166,45415.2092625182,4.858729916669404,32.769703922976795,45447.97896644117,15890.099405374858,14752.240521819858,9391.751869166665,6797.184997630289,6321.630028011264,114.19304416666657,142.9740542013889,210.7057298263889,5,0.0,0.0
2025-03-26,71389.16239569832,45445.689154459586,0.0,0.0,45445.689154459586,15216.816785223995,13496.061667118263,14090.639744259255,6321.630028011264,6531.471858253676,89.94125381944443,233.33204062500008,285.66824645833384,5,0.0,0.0
2025-03-27,69089.49713700052,44275.22570038325,55.54078666666658,117.78631847624982,44393.012018859496,13636.35562545751,13449.43777128493,10177.177669494626,6531.471858253676,5291.102484416015,101.90851715277786,113.56692437500001,180.91136861111127,5,0.0,0.0
2025-03-28,44538.655023308194,27161.06186186584,0.0,0.0,27161.06186186584,13212.160330094905,8443.100271701596,28984.144614914887,5291.102484416015,8925.449196821439,878.3377282291669,136.95300565972218,987.255494305556,5,0.0,0.0
2025-03-29,32104.802447419475,18984.586183943662,0.0,0.0,18984.586183943662,11131.317149483264,11361.356834878925,24633.391241148467,8925.449196821439,7509.622225793148,190.21108927083364,288.05611611111107,472.03867079861146,5,0.0,0.0
2025-03-30,51302.701236820794,31741.801751042018,4322.465145618265,25229.01427550293,56970.81602654495,15459.03692935185,15285.30329861827,125.76480170548382,7509.622225793148,6063.227981242484,680.7155268749993,178.90705722222222,560.2612270138883,5,0.0,0.0
2025-03-31,69552.09488069473,43863.36871949714,0.0,0.0,43863.36871949714,15756.288405764606,12795.861363403197,9606.528938333322,6063.227981242484,7522.933453691104,103.45230822916685,174.3550129861111,239.46693843750006,5,0.0,0.0
2025-04-01,69053.61403334109,43787.23792690651,173.43444199999772,1064.726680928068,44851.96460783458,14399.322729707255,13105.154883069868,7746.981778703707,7522.933453691104,7369.2842573440485,109.70405277777778,188.64004538194445,253.3038324652777,5,0.0,0.0
2025-04-02,68264.57681111887,43130.24761195431,56.84539666666774,351.8429580241739,43482.090569978485,17075.90992526281,15453.301972569863,6229.081355092597,7369.2842573440485,7279.7042678913285,95.25492263888877,246.0057451041666,287.1138177430554,5,0.0,0.0
2025-04-03,67512.33356533932,43202.08159649004,22.467661166668947,69.73336581397845,43271.814962304015,12812.949080277778,13583.051345118263,12386.252016346474,7279.7042678913285,5117.341783926703,104.06380739583327,180.2456347222222,231.4472696180557,5,0.0,0.0
2025-04-04,43818.934683646075,26553.621476780914,0.0,0.0,26553.621476780914,12792.033360895748,8112.235082868263,32752.295988951926,5117.341783926703,8701.88358931731,866.9855331597228,204.0981025,1064.6088279513895,5,0.0,0.0
2025-04-05,30403.664669536418,18109.224243643825,0.0,0.0,18109.224243643825,10261.710911242517,11350.098934854574,19498.881126481807,8701.88358931731,6472.9425727719645,178.9023261458336,167.55253899305555,257.90005715277783,5,0.0,0.0
2025-04-06,49791.43646556691,30748.752965677177,4275.255824666668,24757.824791461495,55506.57775713867,14639.546359537033,15161.961322451594,159.2444864814795,6472.9425727719645,4379.125170325714,639.647699756944,113.23676618055555,564.3400819791661,5,0.0,0.0
2025-04-07,68623.04213115768,42769.14835574565,30.02762016666798,190.3029754313418,42959.45133117699,16913.55122113496,13414.803175736533,11947.581339259257,4379.125170325714,6284.284591809173,101.0788906944445,168.52097520833328,235.76430708333342,5,0.0,0.0
2025-04-08,68537.15089834109,42664.13322127548,122.58383525000075,771.7417665010462,43435.87498777652,17388.807075910954,14805.519884819863,11713.27875916667,6284.284591809173,7174.367178100301,95.20103857638887,205.2210059027778,260.31758413194444,5,0.0,0.0
2025-04-09,67486.34086021147,42657.67081000101,0.0,0.0,42657.67081000101,15475.966702083802,13755.076163125423,6613.566054586413,7174.367178100301,7357.034954697726,97.73167076388884,182.93578395833336,246.58867458333324,5,0.0,0.0
2025-04-10,65283.23505598746,41581.18613566541,67.9978604166726,398.61948499353275,41979.805620658946,12891.585776003549,13769.63835465319,11736.022345053778,7357.034954697726,5072.593813272041,100.54600892361103,181.86134770833337,237.92564795138904,5,0.0,0.0
2025-04-11,42624.06046876884,25889.527800980683,0.0,0.0,25889.527800980683,12371.40783175925,7667.990233368266,32616.750578711188,5072.593813272041,8726.370392176774,845.8412635069448,184.92605472222223,999.3161775347226,5,0.0,0.0
2025-04-12,29622.354050863218,17596.27231784186,0.0,0.0,17596.27231784186,10108.27126243906,10951.08235658333,21509.329720007485,8726.370392176774,6772.464147387507,210.36651500000042,175.63179402777777,318.5534380555557,5,0.0,0.0
2025-04-13,47539.178957518525,29546.80463031008,5613.378144083331,32602.159877132464,62148.96450744254,12145.501263803453,13316.054675534931,13.15269666666643,6772.464147387507,4258.344268800981,664.6259633333326,107.7494831597223,631.1852776041661,5,0.0,0.0
2025-04-14,66677.6482751809,41384.75556790342,0.0,0.0,41384.75556790342,17673.934037206564,14055.822021284932,10511.47429259259,4258.344268800981,6209.172976341304,105.39898520833326,161.50047423611113,207.07266312500013,5,0.0,0.0
2025-04-15,65123.698749267714,41019.74752486365,0.0,0.0,41019.74752486365,14426.6848241524,12632.42249673653,13181.621796851847,6209.172976341304,6579.785430174038,97.28781593750004,250.41885093749994,312.77599951388913,5,0.0,0.0
2025-04-16,64281.64957877739,40465.39711783073,40.16979408333526,261.0454175437209,40726.44253537445,14506.768323766028,13790.616437201594,7868.108869629631,6579.785430174038,5805.528154514634,92.64209552083321,140.52137590277778,187.72315670138883,5,0.0,0.0
2025-04-17,64853.54384244542,40780.53054403364,29.88533416666675,200.19258091916726,40980.723124952805,14229.442740848626,13544.6238409032,11266.495009999995,5805.528154514634,5027.475694166444,84.42369312500003,133.7021446875,177.24511295138922,5,0.0,0.0
2025-04-18,41329.91260297433,25113.816209328746,0.0,0.0,25113.816209328746,12152.8058639277,6945.1411159515965,29762.951838331555,5027.475694166444,9235.818109161459,873.8197352083337,121.54839222222225,891.3957592361118,5,0.0,0.0
2025-04-19,28241.137904127616,16705.820011292286,0.0,0.0,16705.820011292286,11360.855986942108,12167.399556201606,22318.672223387108,9235.818109161459,7188.107169224292,206.4645453125003,149.00151027777775,298.12657559027804,5,0.0,0.0
2025-04-20,46393.92433991695,28825.79819064147,5012.374778618269,28488.469084086963,57314.26727472844,12851.455348701886,13381.08522516666,14.748945000000049,7188.107169224292,5275.1659220618085,660.0332192013884,148.60082875000003,593.9992385069439,5,0.0,0.0
2025-04-21,64771.19889189122,40149.504635188365,6.109858333333477,12.955954595833637,40162.4605897842,16050.528962065038,12853.19444628493,13007.013601111115,5275.1659220618085,6953.578120153257,115.13819746527754,236.37458145833338,283.2971829513891,5,0.0,0.0
2025-04-22,61720.30765500775,38639.32307648459,0.0,0.0,38639.32307648459,15215.43693720725,13467.592870903196,7883.81648037037,6953.578120153257,7192.119657722606,107.9066420833333,137.7231842708334,206.96751434027786,5,0.0,0.0
2025-04-23,65924.12123486254,40855.60618487492,0.0,0.0,40855.60618487492,14762.085457721572,13127.216026284932,12850.851045092582,7192.119657722606,7359.362915815708,102.54068930555538,155.7584320486111,202.46112017361122,5,0.0,0.0
2025-04-24,62104.332854365646,38970.01707832449,76.64652000000366,495.25172598844097,39465.26880431293,11967.879155557986,13435.879799618262,16544.742735092597,7359.362915815708,4550.429138766982,90.56051010416657,239.09677322916664,286.5996502083337,5,0.0,0.0
2025-04-25,40863.40433723358,24525.872904469587,0.0,0.0,24525.872904469587,11623.815137723994,6890.617453833332,34062.80075334292,4550.429138766982,8314.399873211318,851.9033868750004,161.69545614583328,973.6940449652782,5,0.0,0.0
2025-04-26,28074.036754418015,16259.97312493401,0.0,0.0,16259.97312493401,9961.68792575102,10760.353712034936,28863.267740701933,8314.399873211318,6422.4781090701235,200.46341923611146,304.9427197916668,446.5263265277781,5,0.0,0.0
2025-04-27,45213.95699370478,28027.73983011167,3553.3218530000026,20382.468776658578,48410.20860677025,13932.377898361865,14634.111304951595,943.6041532945196,6422.4781090701235,4214.184571352154,651.466423680555,94.0533610416666,620.5751081249995,5,0.0,0.0
2025-04-28,62684.593813896645,38807.138914463794,87.53345099073974,559.827284980026,39366.96619944382,17227.14454300177,14437.636724460861,3347.9357130131466,4214.184571352154,5338.683512603604,105.92181652777778,331.4357501388888,399.238218958333,5,0.0,0.0
2025-04-29,66437.39756668471,40765.0253528656,153.82665233333185,1029.8104001345728,41794.835753000174,15296.136174030586,12134.373605618268,15929.038808939062,5338.683512603604,7059.119567884884,85.77267638888894,265.62897364583336,309.8038004513892,5,0.0,0.0
2025-04-30,61768.2887177928,38485.14417194969,3.690794749998986,24.936854728368147,38510.08102667805,13189.762503140446,12675.01778523653,13097.986736305553,7059.119567884884,6211.385098370371,100.29277499999999,214.60840562500002,280.8998953472225,5,0.0,0.0
2025-05-01,59335.44312907457,37010.42857534939,2161.5381790833335,10671.526355253292,47681.95493060268,13769.715746922215,14641.253695986532,11298.369790555556,6211.385098370371,3841.2479531533245,204.0962594444442,158.31416923611116,322.3042495833332,5,0.0,0.0
2025-05-02,41935.76132102988,25357.316722766016,0.0,0.0,25357.316722766016,12336.519546427699,8008.096632833332,23324.930657435507,3841.2479531533245,7103.422975430166,772.2330100694451,350.26187333333326,480.85563298611146,5,0.0,0.0
2025-05-03,29964.945225967167,17679.21845048124,480.232163333334,2923.9152192666693,20603.13366974791,10241.993377538814,10897.462029534934,22308.072474629953,7103.422975430166,5332.897455268046,194.05006767361132,122.1051246527777,239.37248600694457,5,0.0,0.0
2025-05-04,47600.46273747254,29724.625230604783,4527.758028144963,25905.287819797108,55629.91305040189,12967.972677924146,12661.418328973305,0.0,5332.897455268046,4289.089768470497,768.7310589236106,249.27074104166667,699.2211263541661,5,0.0,0.0
2025-05-05,67050.59129766449,41230.49670438548,1137.687156368266,7273.646089900686,48504.14279428616,17976.165184215846,14643.074584534932,9749.570762685187,4289.089768470497,5907.621563448478,158.23085486111088,195.85872572916668,301.80879864583306,5,0.0,0.0
2025-05-06,62467.4301593789,39259.638724866825,1078.4888661666673,5730.737340463087,44990.37606532991,14698.640170243285,14582.496869284929,10636.855232920541,5907.621563448478,4480.674637274286,159.16058600694424,188.78913892361112,276.4652697916666,5,0.0,0.0
2025-05-07,63858.94004240216,39550.67840394674,1280.3167508333352,8020.780449357928,47571.45885330466,16277.099693166463,14514.330606319858,8283.627839722227,4480.674637274286,4623.039447329967,144.01598784722194,114.19947920138884,243.50639052083295,5,0.0,0.0
2025-05-08,64596.44292314665,40859.561847287056,134.05913475000222,705.5605267715165,41565.12237405857,15330.007800809111,14402.419821153193,7937.652094907402,4623.039447329967,3984.8783226753167,128.28028131944436,240.32740079861114,315.3796318402778,5,0.0,0.0
2025-05-09,43110.21015612247,26355.963683758942,0.0,0.0,26355.963683758942,12743.858693927696,7816.4608379515985,29595.97086681304,3984.8783226753167,7835.491055175244,856.2351551041671,131.35456472222225,917.0975680902782,5,0.0,0.0
2025-05-10,29631.715276827425,17845.186941087122,0.0,0.0,17845.186941087122,10629.431621744701,11922.785996174749,18916.68165959081,7835.491055175244,5351.735368270485,210.53954416666687,196.02955500000002,244.89278868055558,5,0.0,0.0
2025-05-11,49372.409988416315,30708.61894485884,5555.951500712962,33650.11473851117,64358.73368337001,11809.848025164218,12481.811482701596,131.85515499999997,5351.735368270485,3398.5564055318146,701.5662368055549,181.98092871527777,729.265516493055,5,0.0,0.0
2025-05-12,69564.26974342231,43116.0390934538,0.0,0.0,43116.0390934538,16124.593376929468,11883.415924618264,13318.185307777781,3398.5564055318146,6169.4685951108995,117.04525836805544,285.4073639930556,337.27973513888907,5,0.0,0.0
2025-05-13,65525.6598040425,40979.52652258467,0.0,0.0,40979.52652258467,16600.08779864941,14065.86157423653,9832.351979629628,6169.4685951108995,7090.974693452043,109.19321920138884,119.13468888888892,188.50156232638886,5,0.0,0.0
2025-05-14,66755.34092986552,41956.79612966701,0.0,0.0,41956.79612966701,14175.166481520811,12992.20363878493,12597.736720462966,7090.974693452043,6843.733273793672,105.6001975347222,133.56692326388895,196.5340256597224,5,0.0,0.0
2025-05-15,64557.14969491516,40808.747531281275,0.0,0.0,40808.747531281275,12840.800254739936,13341.279202569862,12242.807276078425,6843.733273793672,4962.642948949664,124.1567312847223,140.4847820138889,222.15851149305567,5,0.0,0.0
2025-05-16,42183.643727386094,25928.951224053755,0.0,0.0,25928.951224053755,10509.63547352465,6859.534180868263,35836.190068063035,4962.642948949664,7702.374691507996,824.8765979861115,261.9807158333333,1071.7496525000004,5,0.0,0.0
2025-05-17,29861.85281278914,17954.86210495379,0.0,0.0,17954.86210495379,10666.641559575852,11439.599654666665,20267.964907879952,7702.374691507996,5763.242575628323,191.9981331597225,223.75871190972217,300.63952708333346,5,0.0,0.0
2025-05-18,49957.47186251136,31124.382117101464,3520.50220641666,20769.092637149413,51893.47475425088,13258.16651296297,13490.184544034939,0.0,5763.242575628323,4121.1406375321,684.6783533680549,193.2295204166667,640.7558906597217,5,0.0,0.0
2025-05-19,68394.85736338535,42094.27354747884,262.1561637499983,1781.6519886247802,43875.92553610362,17403.132181510773,13011.2106496532,16770.257611944442,4121.1406375321,6916.181215515701,123.23498211805554,260.96431291666664,321.4536566319446,5,0.0,0.0
2025-05-20,63071.55909110669,39645.397054296125,413.942677833333,2710.6119283353323,42356.00898263146,13891.562260250634,13292.176601403196,8331.963251759254,6916.181215515701,6083.689941767594,114.23574760416668,212.94617881944447,284.54475440972226,5,0.0,0.0
2025-05-21,67306.17499710529,41415.49465579081,225.29378941666968,1187.7920758910623,42603.286731681874,14011.235391488219,12285.73808141666,14436.951568117087,6083.689941767594,6425.609918212103,107.8050672569445,247.82464524305556,308.92295631944455,5,0.0,0.0
2025-05-22,63849.28093589487,39837.82752011232,148.27346916666627,936.2630019412475,40774.090522053564,12601.46329152029,13056.013610903196,13601.482616111116,6425.609918212103,4618.160949669567,121.12433989583337,96.71856246527771,167.19156020833333,5,0.0,0.0
2025-05-23,41440.19730223357,25059.341033021963,0.0,0.0,25059.341033021963,11490.87373614992,7040.919457152033,30578.75305656902,4618.160949669567,8097.580174363385,823.0165340972226,118.80361277777781,797.3753206250005,5,0.0,0.0
2025-05-24,29728.86895468402,17656.610891117507,0.0,0.0,17656.610891117507,10448.434258279558,11191.404071334491,26714.966967738954,8097.580174363385,6213.0595524058335,214.78870524305586,227.37630593749998,391.8929668055558,5,0.0,0.0
2025-05-25,48197.68164829092,29488.224994702206,3096.028716333337,17974.28368297868,47462.50867768089,12313.466406427704,13763.09964911826,4179.486007314811,6213.0595524058335,3387.0586215972285,674.980887569444,170.8678896875,556.8783773263884,5,0.0,0.0
2025-05-26,66994.82913167441,40962.71105298462,0.0,0.0,40962.71105298462,18759.25525141274,13758.871937569864,7444.346951164886,3387.0586215972285,6680.52631004728,112.01853093750019,253.16157979166664,304.4470022569443,5,0.0,0.0
2025-05-27,66735.31067858005,41198.27756735039,0.0,0.0,41198.27756735039,13783.034120370361,12497.311596,16082.553187543035,6680.52631004728,6582.937485771662,111.14915079861115,174.00255829861112,250.4638081250004,5,0.0,0.0
2025-05-28,63445.28818983161,39857.92595913285,0.0,0.0,39857.92595913285,15526.687111301739,14025.572445916667,9675.791424446548,6582.937485771662,6528.594750054645,105.7418022569444,237.27980399305557,305.79559006944436,5,0.0,0.0
2025-05-29,62059.67290377832,39135.417846774646,25.308051666666245,158.46572083916402,39293.88356761381,13968.561296977818,14973.974951903194,8971.80369370371,6528.594750054645,3996.380058850871,119.3163264583332,151.30802093749998,219.5476443402775,5,0.0,0.0
2025-05-30,42241.010182066915,25868.930165518592,0.0,0.0,25868.930165518592,11901.531098112884,7242.865147118266,30991.877631072297,3996.380058850871,7652.513616077939,859.7329800694448,163.6563217708334,871.3449785763894,5,0.0,0.0
2025-05-31,29079.24022180951,17496.987236969217,0.0,0.0,17496.987236969217,11306.202288557335,11758.757631301596,21348.668847887107,7652.513616077939,5983.700035346283,227.09970545138916,150.66096208333332,236.09528246527782,5,0.0,0.0
2025-06-01,46998.54336650715,29417.52967457493,21588.672671885623,118823.61208136003,148241.14175593495,3835.3081122610356,6536.636707201605,0.0,5983.700035346283,2731.972707052564,1000.8910772916661,496.70162006944435,1492.8139193055551,5,0.0,0.0
2025-06-02,76344.04526731122,46995.10815981978,2627.039281333333,15677.84036916521,62672.94852898498,21209.12683646651,16033.15314411826,5095.097281296297,2731.972707052564,5952.289766475411,259.5224679166662,337.90554270833337,568.0402970138883,5,0.0,0.0
2025-06-03,71401.42252398924,44883.61264198109,1381.951258083333,8368.006903244663,53251.61954522575,18502.881391929484,16582.8302411532,2700.6722146296233,5952.289766475411,6025.826437487426,248.9200724999996,259.6830682291666,473.23763496527715,5,0.0,0.0
2025-06-04,73111.62632135783,45441.56056094896,2506.448966166662,14421.793535324943,59863.3540962739,16513.85295411288,14905.67776223653,4382.725403981481,6025.826437487426,5980.278989120063,265.6798176388884,267.36459149305557,505.3130662847217,5,0.0,0.0
2025-06-05,72439.12708699462,45358.05242197828,2806.01199071507,14965.994250732569,60324.04667271085,16576.713236466516,17153.636864736527,4629.726980979705,5980.278989120063,3624.809090463029,235.97309861111071,269.91599024305555,480.7712082986104,5,0.0,0.0
2025-06-06,50201.714557457584,30260.24258058258,0.0,0.0,30260.24258058258,12487.135318557328,8623.805202201595,15396.999207768518,3624.809090463029,6380.856962153067,669.5945705208338,482.0577955555556,415.4725698263891,5,0.0,0.0
2025-06-07,37018.21824005766,21836.524711904545,0.0,0.0,21836.524711904545,11801.111776983256,11714.463073923826,5881.145953664887,6380.856962153067,5228.2463102254005,186.2125853472222,355.32176437499993,412.1515709027775,5,0.0,0.0
2025-06-08,69864.15208316746,42191.16857585644,2678.242336083328,15501.972529089891,57693.141104946335,16543.050558248688,15538.666103534939,6250.268531203701,5228.2463102254005,4543.169844299773,714.9686677777773,268.28836812500003,574.5651532638884,5,0.0,0.0
2025-06-09,84869.24204638916,52716.1631598292,60.992194083333274,327.58907442158306,53043.75223425079,23155.636690301642,16912.837378069868,7887.553778240734,4543.169844299773,8682.83969120425,140.71998045138875,189.5053868402778,286.33882694444424,5,0.0,0.0
2025-06-10,80262.55295339486,51317.63693760867,21.969502333332645,137.551940567329,51455.188878176,16255.25450161289,16030.783927736531,8388.096106851843,8682.83969120425,7205.998179222313,135.4561366319445,217.80345322916676,283.54982284722206,5,0.0,0.0
2025-06-11,79583.95272050954,51147.35800301044,1263.449124083326,7096.729474202048,58244.08747721249,21399.098391968284,19005.055298486535,2332.109059444445,7205.998179222313,7473.878150132684,131.9842416319442,292.1395939583333,400.5885206597217,5,0.0,0.0
2025-06-12,79022.96759006154,51731.63134683191,186.48132786826716,1186.0476736334913,52917.6790204654,15774.60516185185,16526.19708008333,7438.413652827956,7473.878150132684,5018.8413225604845,138.2775903819444,140.1875842361111,241.3537491319443,5,0.0,0.0
2025-06-13,56361.402138992846,35498.489462377394,0.0,0.0,35498.489462377394,11833.350877037039,7786.007476784933,24031.407497074073,5018.8413225604845,8037.771157663268,826.2411820833337,215.39639152777778,706.8413375000006,5,0.0,0.0
2025-06-14,38495.12338792592,24508.542624567082,0.0,0.0,24508.542624567082,9368.65589611111,10864.323612083335,13825.670645564815,8037.771157663268,5473.655914376025,202.88591840277803,185.53081826388888,287.3157017361113,5,0.0,0.0
2025-06-15,62972.847086038804,39928.000254032115,7659.990845298409,44999.47664683814,84927.47690087026,13008.045719205478,13177.645635368255,103.18518083333322,5473.655914376025,3923.7134930169445,675.1765049652772,212.24762892361113,782.7970307638883,5,0.0,0.0
2025-06-16,83426.4773643596,53315.43472944968,0.0,0.0,53315.43472944968,21971.797404614656,17255.775827486526,5991.76126223149,3923.7134930169445,6578.805916213108,137.8944074652776,174.7831581944444,274.378020034722,5,0.0,0.0
2025-06-17,81834.53321893547,52832.46494968182,63.794392499999844,135.13956376666636,52967.60451344848,19613.94498798681,17987.212594153196,5653.830542601854,6578.805916213108,6226.041083467789,124.92557197916662,226.9365863194444,301.11100531249974,5,0.0,0.0
2025-06-18,84392.56657621147,54627.94211751632,0.0,0.0,54627.94211751632,16904.725956096154,14619.259240819863,11204.412377601844,6226.041083467789,6853.219954318939,120.35437843749999,119.84703440972221,201.93487409722223,5,0.0,0.0
2025-06-19,79448.59111538173,51746.231478609996,8.181500000000028,55.155582250000194,51801.38706086,15059.711375462963,15811.047020451599,12072.162643703701,6853.219954318939,4473.809684133347,139.00181895833327,185.50905076388887,255.0974892361111,5,0.0,0.0
2025-06-20,56144.4543122724,35117.31704756699,0.0,0.0,35117.31704756699,11525.833930964733,7368.356040451597,29535.528571759274,4473.809684133347,7641.246597581217,850.3912808333338,125.52971548611119,921.8682750000005,5,0.0,0.0
2025-06-21,39411.90141639099,24738.235869621283,0.0,0.0,24738.235869621283,13948.392679575853,11751.903848618265,17740.87139376674,7641.246597581217,8486.259432367424,213.51883847222248,246.7849002777778,409.8365803472226,5,0.0,0.0
2025-06-22,61836.51172033765,39142.00670869265,4771.319437166661,28329.488093109034,67471.49480180169,13751.274106622583,14639.374877451599,84.08224499999972,8486.259432367424,6100.607459636302,653.8140694791659,199.16132222222225,665.8093869097216,5,0.0,0.0
2025-06-23,82493.87743074856,52872.884356954964,28.229649166666306,176.96876534083106,53049.8531222958,19087.55360703348,15843.616201284929,12231.44875750001,6100.607459636302,7508.012910737766,140.38032190972206,140.30587163194448,242.49896131944462,5,0.0,0.0
2025-06-24,80931.35070799204,52400.411600818916,578.0431892150673,2745.1593913578663,55145.570992176785,21391.966506723187,19116.450034569865,3000.126508387113,7508.012910737766,7651.706619440279,138.76728524305545,285.17251170138894,382.6347754861108,5,0.0,0.0
2025-06-25,82588.98110010035,53471.489346643226,0.0,0.0,53471.489346643226,17213.94626683688,15614.927525069863,10506.819658333337,7651.706619440279,7522.711110435169,139.19934298611113,151.67350749999994,234.04490458333345,5,0.0,0.0
2025-06-26,77505.44340533932,50566.81861997212,0.0,0.0,50566.81861997212,14544.717772631408,15991.976745903201,11402.405211944451,7522.711110435169,4464.018334355088,125.84712607638896,175.07877958333333,247.9812007291667,5,0.0,0.0
2025-06-27,54137.06922931678,33854.53014244372,0.0,0.0,33854.53014244372,12114.779564768372,7523.6092571182635,29751.365638333336,4464.018334355088,8026.526874474152,906.4726364236116,107.11790288194442,955.5535928472227,5,0.0,0.0
2025-06-28,38104.02296661587,23815.877663976793,0.0,0.0,23815.877663976793,13391.537374475924,11740.844932951597,14788.000200091547,8026.526874474152,8354.917502534036,216.58348843750034,151.39646493055554,251.18739093750014,5,0.0,0.0
2025-06-29,61801.880121716844,39241.51857937065,7267.818174783158,44348.02067697528,83589.53925634592,12564.967195833335,12840.690289333332,26.846106666666515,8354.917502534036,6739.816007407102,664.552983680555,186.26809163194446,739.7887464236106,5,0.0,0.0
2025-06-30,80688.85650096147,52275.20731719937,0.0,0.0,52275.20731719937,17957.425318688736,15275.201405319862,8274.957104259265,6739.816007407102,7674.249430364653,148.15124381944463,176.0642329166667,276.39999993055557,5,0.0,0.0
2025-07-01,82903.66142447997,54084.624331983345,2628.3965466666677,14824.171845013338,68908.79617699668,16802.723528873936,16357.525026986532,6122.528477592583,7674.249430364653,6372.367281139511,626.5899134722216,319.2966009722222,460.8278867361108,5,0.0,0.0
2025-07-02,86163.5891084761,55927.054448877054,1625.0651874999999,9504.793751595831,65431.84820047289,15179.039841427704,13335.329386284931,13019.090932499996,6372.367281139511,6715.79745606671,401.28672920138825,422.5541886458333,513.414545625,5,0.0,0.0
2025-07-03,79807.40392366129,52406.99424460399,2184.605748333332,11365.017243097911,63772.01148770191,15617.598756149924,16622.085793784932,3262.527942962962,6715.79745606671,4010.735694651199,415.2344038888883,117.1581080902778,440.29721059027736,5,0.0,0.0
2025-07-04,59032.36077162425,37132.877305150716,0.0,0.0,37132.877305150716,11787.408923372148,8670.060013868268,27060.236312120367,4010.735694651199,6054.207969487686,484.7815957986114,302.78507107638893,787.1469481944448,5,0.0,0.0
2025-07-05,43575.91501483544,27308.861760747834,67.16399416666718,420.1191734862532,27728.98093423409,12399.6825439277,12955.873498868263,15454.791580609333,6054.207969487686,4160.889922227519,252.39337253472198,252.11143857638888,402.55866229166656,5,0.0,0.0
2025-07-06,66963.41342329091,42352.30791418823,13493.387047333326,72674.11392828972,115026.42184247795,13849.466152075851,13202.228260618273,6.781445833333237,4160.889922227519,3383.2766499522,1051.8978446874992,171.42331434027776,1058.420222291666,5,0.0,0.0
2025-07-07,88873.07075146753,56768.44999291013,808.3185153333304,4310.0428649107325,61078.492857820864,19629.279636722582,14537.4622239032,11101.443920648155,3383.2766499522,6681.4157186770335,409.2475845833325,356.41904968750003,413.9028461458334,5,0.0,0.0
2025-07-08,88129.39112006829,57280.09829219886,224.56576175000228,1330.6966546148883,58610.79494681375,17659.991938934454,15828.815928319862,10932.397687870372,6681.4157186770335,6750.118115836427,168.34647295138862,239.08653371527777,337.9129184722221,5,0.0,0.0
2025-07-09,89746.79437992265,58104.94601187059,171.60254308333361,1051.489974900377,59156.435986770965,17595.72835605732,15427.32514823653,13667.86144851852,6750.118115836427,7181.063166787764,147.74894215277774,141.0265308680556,247.31645295138887,5,0.0,0.0
2025-07-10,87850.2100557948,57453.1263142451,9.506249999999909,64.11490312499939,57517.2412173701,14556.793480262806,15699.757156569864,16111.88655710185,7181.063166787764,4441.852905920532,179.29618753472204,188.96535434027786,289.4115458333335,5,0.0,0.0
2025-07-11,63217.36566893907,40144.22870706835,0.0,0.0,40144.22870706835,13005.676375594368,8507.280518784934,26259.45374546296,4441.852905920532,7812.659818850633,786.4400521527784,252.47773267361111,678.087713368056,5,0.0,0.0
2025-07-12,45144.11247941666,28941.323313321554,0.0,0.0,28941.323313321554,11096.138084722223,12215.581170583337,15159.86460694444,7812.659818850633,5463.02754545243,161.0057887847225,105.81286347222223,214.48607072916684,5,0.0,0.0
2025-07-13,74955.57160216295,47562.46605082488,2049.070234333334,12599.395353231343,60161.861404056224,17222.846852892326,16833.5228969516,7336.0555638888845,5463.02754545243,4057.963566685582,712.4496137152771,335.7152769444445,521.935045243055,5,0.0,0.0
2025-07-14,91718.95774149593,58382.06879387139,160.49376500000108,982.8820050147983,59364.95079888619,20172.13917416977,14319.500695118266,14233.84576911111,4057.963566685582,8100.856036191568,172.80172527777748,139.6151319097222,218.24293121527776,5,0.0,0.0
2025-07-15,89140.47386390294,58050.60232218315,0.0,0.0,58050.60232218315,16120.980350963537,14287.496312653195,14533.62470059259,8100.856036191568,8334.21737360409,157.43599517361116,246.20424624999993,348.38460079861125,5,0.0,0.0
2025-07-16,82973.75578287813,54236.01003302002,0.0,0.0,54236.01003302002,15757.599253503546,14496.756795069863,9582.110607777788,8334.21737360409,8002.265216794958,189.47322416666665,149.10189795138885,279.40804774305565,5,0.0,0.0
2025-07-17,79763.57566458723,52963.28409833804,0.0,0.0,52963.28409833804,14661.623128742518,15720.873167118267,8018.302427962969,8002.265216794958,5340.246863104564,170.32758836805553,123.69556229166659,257.69205121527773,5,0.0,0.0
2025-07-18,57730.28597217981,37788.35582741638,0.0,0.0,37788.35582741638,11441.685944946224,7713.373694451597,22703.50995501852,5340.246863104564,8064.173447782782,823.2270554513896,152.57860013888882,723.9774960763896,5,0.0,0.0
2025-07-19,47681.02289929091,30398.75486253093,0.0,0.0,30398.75486253093,12495.30748813317,11288.645289451599,19421.126150609343,8064.173447782782,8018.986028314319,194.39553750000027,154.97653635416668,319.3377425347225,5,0.0,0.0
2025-07-20,62358.34950640025,41852.336057929104,7328.168087999996,45990.85027278409,87843.18633071319,8190.419187685184,10639.906778284934,35.976551666666865,8018.986028314319,4573.653411955521,675.5926891319439,136.2919354861111,694.1676135069438,5,0.0,0.0
2025-07-21,84494.93669208483,54747.25039682883,206.15329583333448,1344.5626736593827,56091.81307048821,21064.541147895427,15937.79646423653,5591.970537592593,4573.653411955521,7757.3192096731245,158.63690315972238,177.02066690972222,250.61636277777754,5,0.0,0.0
2025-07-22,83132.61658570847,54464.39302378619,0.0,0.0,54464.39302378619,17193.044283000563,15588.097415034932,7715.821642742841,7757.3192096731245,7636.775756900824,170.29287871527777,185.24476427083331,272.68112395833333,5,0.0,0.0
2025-07-23,87446.23572508704,56703.35841142543,9.052660416664395,60.85650965102639,56764.21492107646,17796.00454302728,16085.54703631987,11573.000637129628,7636.775756900824,7563.8926907212,149.83167715277776,175.5134172916667,249.3396586111109,5,0.0,0.0
2025-07-24,85571.57200659876,56174.56843923495,0.0,0.0,56174.56843923495,14416.615876957756,14946.062034618268,12419.367997592602,7563.8926907212,5486.162694412854,148.0048740972221,205.07908645833342,296.23854569444455,5,0.0,0.0
2025-07-25,62663.603883846474,39810.99199555695,0.0,0.0,39810.99199555695,11182.239608001777,7709.849892618269,32730.65039346297,5486.162694412854,7967.671285763626,875.7863850000007,129.16625892361108,945.4018958680562,5,0.0,0.0
2025-07-26,45817.89712011836,29371.51985444101,0.0,0.0,29371.51985444101,13589.386606849512,12684.749630118265,16419.70861838711,7967.671285763626,7488.795263715734,219.41686524305595,161.35617843749998,296.17234006944483,5,0.0,0.0
2025-07-27,70417.3887945746,45086.13936499957,3505.682224499995,19513.04125958067,64599.18062458024,16870.44460761879,17710.60953928494,1108.6258174074096,7488.795263715734,4824.88266230145,664.3765091319437,156.51472621527773,725.830854166666,5,0.0,0.0
2025-07-28,90747.65314277037,58246.84045009786,20.218021666666914,126.61306692583486,58373.45351702369,21205.87517655531,16587.916644618264,8148.452899166663,4824.88266230145,7457.342851506274,153.8599210069444,203.27506600694446,285.7035706249996,5,0.0,0.0
2025-07-29,90060.48355878776,58450.72478440078,10.563458333333301,71.12376495833313,58521.848549359114,18324.14679072086,16014.099938784935,11712.970631851855,7457.342851506274,7960.8113681812765,165.6590369444446,152.6500451736111,259.6037249652777,5,0.0,0.0
2025-07-30,88755.23633564627,57700.98326759985,0.0,0.0,57700.98326759985,17567.544864431213,15588.78288961827,12649.621894166663,7960.8113681812765,8194.827808468599,135.18878697916676,160.11395364583336,231.3036404166667,5,0.0,0.0
2025-07-31,85779.90738656858,56292.27791800525,0.0,0.0,56292.27791800525,15363.719399890548,16586.1289104516,12302.799213796301,8194.827808468599,5286.816825014761,167.08017145833347,133.6629439930555,221.20922663194423,5,0.0,0.0
2025-08-01,62788.4666207909,39884.161894230805,0.0,0.0,39884.161894230805,11466.728204575853,7388.805304951601,37417.71522116666,5286.816825014761,8376.625705586608,846.2999815277783,308.6875545486111,1151.0514614930562,5,0.0,0.0
2025-08-02,43596.39442224284,28291.79384352501,0.0,0.0,28291.79384352501,11768.553363649928,12420.382493118266,23498.366410044513,8376.625705586608,6449.023027652709,275.149846180556,196.49184802083334,441.28667017361164,5,0.0,0.0
2025-08-03,68453.27748560574,44092.22947447928,2152.2575503333346,12019.219747837255,56111.449222316536,13768.086208094366,15201.6117734516,9137.860117962962,6449.023027652709,3486.6706894785975,681.1227551736106,372.6496922569444,454.9059634027775,5,0.0,0.0
2025-08-04,89567.63946431737,57309.80342437017,0.0,0.0,57309.80342437017,18426.80102125047,13116.07243684049,18854.4090049074,3486.6706894785975,7142.314769448757,142.63198305555554,261.95978718749996,306.6553637847227,5,0.0,0.0
2025-08-05,85565.73563172821,55509.81428034481,0.0,0.0,55509.81428034481,14614.035619112896,13448.08842404209,19186.716328324073,7142.314769448757,6830.8764133107015,168.07025687500027,206.47357493055569,334.4208018750004,5,0.0,0.0
2025-08-06,76710.79900613838,50887.143649959544,0.0,0.0,50887.143649959544,14849.625434089965,13307.496862118263,7141.961334166668,6830.8764133107015,6891.134698325505,157.95741447916674,232.63671628472224,325.5244659722223,5,0.0,0.0
2025-08-07,75745.06709351833,50517.986820549755,14.099833333333063,30.145443666666086,50548.13226421642,13490.606897345677,13979.829577118264,12762.415731624245,6891.134698325505,4953.413887508327,171.27511149305565,279.88627184027774,400.3418511111113,5,0.0,0.0
2025-08-08,55197.84911473357,36104.84343190753,0.0,0.0,36104.84343190753,12129.173789575845,7297.455638784931,34561.697172276,4953.413887508327,8767.964833297874,913.6184917708339,226.10001263888893,1085.6382687847229,5,0.0,0.0
2025-08-09,42467.90968858271,27730.51112828671,0.0,0.0,27730.51112828671,11600.850679156461,11988.906043868268,23860.732803294515,8767.964833297874,7136.081531664139,267.15228225694483,155.45016489583332,318.8266978472225,5,0.0,0.0
2025-08-10,58841.570384988365,39524.77514766477,5733.0993246182625,33968.73243548618,73493.50758315095,10444.690389606632,11147.001896666668,0.0,7136.081531664139,5294.813165698146,639.8764404513881,160.71948017361106,681.1180573611105,5,0.0,0.0
2025-08-11,75554.0707186909,49936.889622123665,300.83350666666354,2027.1484474203953,51964.03806954406,18066.212192001498,14064.458646736537,7273.148846759261,5294.813165698146,7608.68580430755,164.390018715278,142.35557326388906,262.70788336805583,5,0.0,0.0
2025-08-12,71181.52539537812,47870.25383904498,441.75583791666645,2895.942295767125,50766.196134812104,13073.140957948002,13052.004714653198,3899.6163816666635,7608.68580430755,6252.935307652853,135.05348996527775,172.30612399305556,249.935934236111,5,0.0,0.0
2025-08-13,74542.80135417443,49806.46518713363,118.61166758333385,799.0499569962119,50605.515144129844,15102.037581096147,13376.526723319865,6817.083047314817,6252.935307652853,6479.8889181033755,154.32721013888883,138.0350539236112,255.43386829861123,5,0.0,0.0
2025-08-14,71766.54106306331,48048.76369096115,102.1929533333341,670.7196092653385,48719.483300226486,15317.35782841096,15273.381708403198,5942.180288055549,6479.8889181033755,4911.652536277546,163.98589604166665,167.05883322916654,262.3739285069443,5,0.0,0.0
2025-08-15,54589.373614178025,35742.31968429779,0.0,0.0,35742.31968429779,12038.775092631402,7703.219327118265,33123.91621533155,4911.652536277546,8212.731265802355,889.3323532291671,129.19338822916674,949.3598609027783,5,0.0,0.0
2025-08-16,42061.98190294866,27364.84747692947,0.0,0.0,27364.84747692947,11461.865633698337,12114.6397514516,25760.643737368588,8212.731265802355,6316.460207990063,235.109702604167,151.5095532986111,337.47242159722254,5,0.0,0.0
2025-08-17,58994.336168111106,39490.617242276596,3427.969921784935,19568.349160884343,59058.96640316094,13567.123756062701,14241.196282833327,0.0,6316.460207990063,4175.824964858835,628.4890286458326,162.61860079861114,600.5785747222217,5,0.0,0.0
2025-08-18,74177.3614257485,49289.76197022737,0.0,0.0,49289.76197022737,17776.184831096147,14197.434381736533,6168.577526388891,4175.824964858835,6074.3847581546715,156.13422892361126,149.19341083333342,263.7477912152779,5,0.0,0.0
2025-08-19,73207.43289602628,49072.403615076786,73.34258383333551,445.55949355651273,49517.963108633296,14252.369049151699,13076.126126236526,7786.818673611115,6074.3847581546715,5811.922055889689,154.0896779861112,131.9054672916666,229.53292812500004,5,0.0,0.0
2025-08-20,73106.95587861887,48814.896923031476,1532.6031565833334,8737.155946963994,57552.052869995474,16876.728668781332,15161.478441819865,2306.461824907405,5811.922055889689,5840.9911457956705,159.5121655555557,278.5898986805555,328.9615286805552,5,0.0,0.0
2025-08-21,73998.63999301313,49514.79866554258,74.51783683333417,419.37222770767016,49934.170893250244,13699.465493557329,13140.025436951597,7607.95970657407,5840.9911457956705,4986.642287314084,135.4367671527779,168.98545170138883,243.17874927083335,5,0.0,0.0
2025-08-22,54161.026506863214,35477.39725002683,0.0,0.0,35477.39725002683,11818.900110316592,7727.331215670555,28766.258295550513,4986.642287314084,8053.713131286558,829.7004561111116,163.84214690972217,762.4900542708341,5,0.0,0.0
2025-08-23,42410.0876542118,27764.54502329746,0.0,0.0,27764.54502329746,11442.826924946221,11815.894968565975,20353.652547831553,8053.713131286558,6454.285019468381,246.80415229166704,189.08603888888882,288.3849850000002,5,0.0,0.0
2025-08-24,59090.653592696544,39609.694927946926,4702.582365916673,25926.83716224753,65536.53209019447,13656.302863186958,14454.392639534926,843.4885849611853,6454.285019468381,4173.5238137920705,650.0070214236104,221.04166541666677,631.1115851041661,5,0.0,0.0
2025-08-25,74737.48567180583,49751.74923420063,2026.5768258333414,11392.67869938883,61144.42793358946,16442.739657986807,12752.709716736525,2307.726206388889,4173.5238137920705,6329.939953567588,131.21215895833362,306.2997361805555,359.09885437499975,5,0.0,0.0
2025-08-26,73765.60896682079,49389.75102299176,0.0,0.0,49389.75102299176,15608.190623557339,14080.636102569866,6722.736020833323,6329.939953567588,6294.876048219385,146.7856165625001,172.17788444444443,227.77149822916667,5,0.0,0.0
2025-08-27,79320.00439084109,52605.524520234074,30.56865809259415,204.9771026016028,52810.501622835676,15092.87371776281,14475.287836977272,10827.231968148144,6294.876048219385,5354.940146719765,121.50139038194462,155.6854740277778,198.21099559027772,5,0.0,0.0
2025-08-28,78998.19636851599,52111.09525981088,150.48774416667135,932.3188443037803,53043.41410411466,15932.583783732225,14867.305798784928,7249.665769402036,5354.940146719765,4798.399945673861,168.9393957986111,220.14214121527775,324.4899106944442,5,0.0,0.0
2025-08-29,56418.584283529875,36832.152660492386,0.0,0.0,36832.152660492386,13007.841039772395,8644.575434999999,29546.95441209081,4798.399945673861,8026.538890555012,916.2546089236117,155.09120430555566,831.668945868056,5,0.0,0.0
2025-08-30,43461.17635873472,28231.59611263019,0.0,0.0,28231.59611263019,9707.735524614669,10927.883383580092,26195.378509366812,8026.538890555012,5717.1049457084,224.47725840277812,218.55468180555553,388.67300902777805,5,0.0,0.0
2025-08-31,62065.11802441699,41175.909458958806,5239.323985201601,31233.131630623593,72409.0410895824,13625.032950701923,13277.89660608333,146.83474833333366,5717.1049457084,4646.814204279604,618.7912844097216,189.36728850694445,764.4718803472216,5,0.0,0.0
2025-09-01,80894.63990464175,53340.84300528203,0.0,0.0,53340.84300528203,16830.80580069132,10520.651429618265,20980.053458568687,4646.814204279604,9524.178231360374,545.4970642013894,160.39422756944447,624.9647621875005,5,0.0,0.0
2025-09-02,69841.75265337915,46897.505262086925,0.0,0.0,46897.505262086925,12868.380308275198,13021.687653784931,15934.242232222216,9524.178231360374,8006.131714365011,357.96512493055616,161.48329767361113,413.93520197916706,5,0.0,0.0
2025-09-03,72589.65612304394,48473.41281968549,0.0,0.0,48473.41281968549,12022.854232743448,10766.062880069869,15769.493228703705,8006.131714365011,8063.586008660313,346.62155958333386,184.5226320138889,338.7854931944449,5,0.0,0.0
2025-09-04,72196.69170817528,47970.80703956723,0.0,0.0,47970.80703956723,13025.877514687814,12554.292080451596,17932.92009893906,8063.586008660313,7187.632654216089,343.9733078472227,225.4645992708333,423.0071531597227,5,0.0,0.0
2025-09-05,49925.76664982617,32668.817020230734,0.0,0.0,32668.817020230734,10771.741796612885,7531.474054951596,39842.67840816488,7187.632654216089,9467.733470204968,1179.5323120486116,115.6153742013889,1213.4860547222227,5,0.0,0.0
2025-09-06,37754.585019002094,24475.411121719997,0.0,0.0,24475.411121719997,11982.438182762819,11599.844254618267,29696.459515857547,9467.733470204968,8607.962994844172,487.27540559027824,251.49197618055547,595.5971867013891,5,0.0,0.0
2025-09-07,54286.51159507603,36287.99495314108,662.8425549166641,4234.200505906733,40522.19545904781,13315.15317695534,15087.789157201601,1794.2254302389565,8607.962994844172,5335.900227089495,420.64907010416624,135.0412094097222,511.58763527777734,5,0.0,0.0
2025-09-08,68402.93169879315,44518.85573185232,79.42689583333345,498.20520411458403,45017.06093596691,16291.288126486497,14007.56299368098,6870.245470154312,5335.900227089495,6025.905333642994,133.72244524305586,234.53667836805556,290.08005222222215,5,0.0,0.0
2025-09-09,70123.85716635315,45755.58065017337,276.8463970000005,1509.284304405951,47264.864954579316,15320.636891661989,12699.583310118265,14617.46384014276,6025.905333642994,7173.801469914525,132.50828996527815,210.2767614236111,286.20228125000034,5,0.0,0.0
2025-09-10,65980.89944000109,41806.80139467993,32.56200999907731,200.46801455931947,42007.269409239256,17666.00172072119,17102.934712202517,4147.147749814822,7173.801469914525,5905.166124455582,141.46443777777802,287.33388149305546,372.1687314236109,5,0.0,0.0
2025-09-11,67246.91048214768,42690.902474284696,127.2004375000003,771.7389291287518,43462.64140341345,14635.16114777311,15245.864485069866,14384.968723611102,5905.166124455582,3718.7468459287343,146.39456517361143,171.37306072916675,277.68778277777807,5,0.0,0.0
2025-09-12,43981.15827112247,26977.923461783692,0.0,0.0,26977.923461783692,13526.051663279559,8950.088961333335,27830.907994176247,3718.7468459287343,7116.464021135749,920.1797445138894,154.51637315972224,787.3101883680558,5,0.0,0.0
2025-09-13,32752.859734449376,19420.604252573474,0.0,0.0,19420.604252573474,11969.294574632142,11826.506855903204,24677.044657387105,7116.464021135749,6005.301064118922,301.72751246527827,222.28488409722223,351.819881354167,5,0.0,0.0
2025-09-14,50333.08717767908,31215.349542470656,9019.056230416661,49438.451801763375,80653.80134423403,13209.175772297353,13962.032725868266,32.47111166666673,6005.301064118922,3819.3507737932405,609.2767092013883,229.4769277430555,838.733843263888,5,0.0,0.0
2025-09-15,72690.07816810212,45094.64571365646,1.1717666666667128,7.89360615000031,45102.539319806456,19645.494365486804,15997.21456923653,13961.325671851853,3819.3507737932405,5594.158407870449,153.9411075694447,238.7783297222222,324.4265265972225,5,0.0,0.0
2025-09-16,67515.1958380245,42547.037969403274,0.0,0.0,42547.037969403274,17638.16668300177,16153.768936736531,6614.704608425926,5594.158407870449,5299.625002877316,119.87487767361105,184.75266680555555,243.07091434027737,5,0.0,0.0
2025-09-17,73021.37961746781,47604.99949735205,0.0,0.0,47604.99949735205,16725.3708548525,14122.2970784032,10399.29877435185,5299.625002877316,6280.4967994781955,128.94249805555572,149.14949357638883,219.09867711805546,5,0.0,0.0
2025-09-18,68924.3102673625,45560.05071001031,4.003732250001143,8.4038339927524,45568.45454400306,14682.044636599048,14507.939270868264,9725.990892215064,6280.4967994781955,4916.396577003092,119.59277500000022,142.4480648263889,201.22892565972217,5,0.0,0.0
2025-09-19,49400.06453367806,31360.070822441805,0.0,0.0,31360.070822441805,13287.776589075878,8083.2815932016,28068.97584613711,4916.396577003092,9001.761360942111,916.017491319445,198.96047097222223,717.0570203472228,5,0.0,0.0
2025-09-20,35708.881462713434,22578.46877967841,0.6179383333338464,3.8043373491698254,22582.27311702758,11549.388874298074,12240.815577286561,20830.21753736859,9001.761360942111,7055.521141247651,249.12793517361152,190.39810375,249.4124614236112,5,0.0,0.0
2025-09-21,56143.70549069472,36296.10510625866,2612.29924091667,15897.984786634683,52194.089892893346,14729.647254746074,14460.313283319865,166.00306851851576,7055.521141247651,5786.782926374693,614.2502668749994,163.5467765972222,594.7605986111106,5,0.0,0.0
2025-09-22,71132.70312963738,46605.61937655024,62.55643825000061,391.09719792396214,46996.7165744742,16302.581924853623,13936.712044701599,8207.782971068698,5786.782926374693,6562.1857285303795,128.32259527777782,122.74877874999997,199.3356288194441,5,0.0,0.0
2025-09-23,71988.56571372529,47179.34374249068,233.28726666667052,1557.9411847367755,48737.284927227454,16475.566830091462,14630.501351736526,8198.959960370366,6562.1857285303795,6770.378278933298,120.36161152777784,161.34422687500003,245.86239173611094,5,0.0,0.0
2025-09-24,73322.82564750222,47393.077705315125,0.0,0.0,47393.077705315125,17837.01231359061,15873.865581701599,10394.380815613215,6770.378278933298,6959.530444781176,127.2446712847223,140.49425163194448,221.90260402777776,5,0.0,0.0
2025-09-25,70406.54588705144,45953.68362127579,123.96464908333425,524.9343589820476,46478.61798025784,14850.246603973163,15318.421412569864,10689.282986398148,6959.530444781176,4900.677429230338,135.47571923611127,114.3625541319444,204.92568642361084,5,0.0,0.0
2025-09-26,48231.71343741877,30590.739694932967,0.0,0.0,30590.739694932967,13912.951938883505,8954.685226833333,25545.65580870193,4900.677429230338,8660.595544677013,918.9303929166672,184.72552753472226,744.4068212152782,5,0.0,0.0
2025-09-27,35137.90059234027,22074.572970401958,6.591629166666408,40.64342904416419,22115.216399446123,10879.697775686964,12406.495450161827,18928.605354315136,8660.595544677013,5904.388644632768,205.5861192013892,229.27538885416666,294.95353694444447,5,0.0,0.0
2025-09-28,56813.34913936381,36183.52693472152,7428.226290629639,40846.34290032378,77029.8698350453,14644.530140278373,14256.547765284922,365.16417999999885,5904.388644632768,4769.688960084222,617.4021816319439,176.8230492361111,783.7184851041661,5,0.0,0.0
2025-09-29,75640.11523893486,48166.80476391745,337.87294999999926,2183.2533885995776,50350.05815251703,20541.06295817139,16403.164240069862,9108.020912499998,4769.688960084222,6966.199035223582,124.22711166666659,94.44394170138894,189.9067729513889,5,0.0,0.0
2025-09-30,73622.57658361887,47715.143983156595,162.90682333333334,1029.0298198869164,48744.17380304351,19136.101925818373,17345.896100069862,6501.218981203698,6966.199035223582,6836.119411088825,114.8545773611112,206.03811218750005,265.11964149305527,5,0.0,0.0
2025-10-01,74960.85355167443,48403.10115096714,0.0,0.0,48403.10115096714,16120.007027631405,12486.728057701595,21653.387965077953,6836.119411088825,8966.733780837165,194.8482109375002,392.0347634375001,544.3142846527784,5,0.0,0.0
2025-10-02,64993.222175289135,42754.165171731205,0.0,0.0,42754.165171731205,13320.928871944438,14496.986254618261,14380.003191296291,8966.733780837165,6322.911258587262,157.92949104166686,157.58049940972225,277.4600105208337,5,0.0,0.0
2025-10-03,44761.52340010395,28158.366834054075,0.0,0.0,28158.366834054075,12699.744227816585,8353.618715284929,32651.95235423896,6322.911258587262,9565.459215393606,933.2903773263891,165.72810270833338,1058.6704462847226,5,0.0,0.0
2025-10-04,33132.89236008543,20712.98168043599,0.0,0.0,20712.98168043599,11470.525979761034,12251.040739618267,20863.980853276,9565.459215393606,7533.624817344888,267.94473170138923,103.77477062499997,236.117496215278,5,0.0,0.0
2025-10-05,53973.29886435962,34045.49459779097,2890.8151439537005,16476.028862906147,50521.52346069711,15278.103759799851,16511.7812431532,3339.7354249999976,7533.624817344888,4622.761028546224,600.6453142708328,165.1698538888889,464.91349413194393,5,0.0,0.0
2025-10-06,72716.95049199101,46394.700373281725,0.0,0.0,46394.700373281725,18516.650075486803,14735.349532569862,11130.904907407403,4622.761028546224,6656.775477133594,138.12217628472237,84.9741251388889,155.36886656249996,5,0.0,0.0
2025-10-07,72944.24765143779,46757.76454204171,0.0,0.0,46757.76454204171,18442.313772618778,15130.583130440233,11928.341259259261,6656.775477133594,8203.65552438676,137.47631815972252,84.14357093750002,190.52456381944458,5,0.0,0.0
2025-10-08,64591.7670392282,40387.60402640242,127.47458833333302,820.3560595762488,41207.960085978666,15618.982205038808,16015.936276736535,8624.520324259263,8203.65552438676,6138.843909987176,94.5516339583334,149.78305149305555,208.4411712152778,5,0.0,0.0
2025-10-09,64932.193470748505,40514.58471033804,202.8849890833369,1318.818189803522,41833.40290014156,16324.957763133189,16082.910783486532,9116.47533851851,6138.843909987176,4673.182187551512,95.93389295138904,136.18903184027778,186.52484430555546,5,0.0,0.0
2025-10-10,43801.22238519655,25562.643500237067,0.0,0.0,25562.643500237067,15042.928423557332,9922.617858997897,29371.23323730378,4673.182187551512,8484.799541450746,845.698376319445,147.770206875,889.3132754166672,5,0.0,0.0
2025-10-11,31754.8292290947,17832.129917998696,0.0,0.0,17832.129917998696,12666.642312723998,13299.673630905301,18314.204630609333,8484.799541450746,6482.344609064501,232.52769336805596,152.59321895833332,212.81670329861123,5,0.0,0.0
2025-10-12,52022.17017338351,31238.93939233046,6726.166054522406,36054.09148532867,67293.03087765913,16362.731060725777,16426.910522819864,227.95479000000023,6482.344609064501,4689.9102195680325,658.0980693402772,110.58468118055553,708.600481493055,5,0.0,0.0
2025-10-13,70894.04713833361,43891.01949545949,69.88334274999981,410.67388810204034,44301.693383561535,18921.921870949787,15868.33051973654,10856.516079870364,4689.9102195680325,5914.132429977842,95.45831381944444,97.52494736111106,160.35556097222224,5,0.0,0.0
2025-10-14,69779.69060000777,43571.931909365085,52.20170566666884,314.13264066851326,43886.064550033596,18166.406238475036,16554.22708437752,7455.956701576925,5914.132429977842,5698.611117259309,91.79071312499998,125.96354409722223,194.44986006944416,5,0.0,0.0
2025-10-15,69916.63347857256,43497.44227957209,96.78774391666877,572.035818396136,44069.478097968225,18156.858855540588,16218.543391569863,6159.534816851856,5698.611117259309,5827.874042693604,98.43312038194448,183.3183009027778,223.04376822916635,5,0.0,0.0
2025-10-16,68418.6890486451,42993.93578079701,936.5605969166645,5606.719656327736,48600.65543712475,16933.25658015017,16792.668316069867,6212.588723148141,5827.874042693604,4191.14511837766,93.21245645833328,209.94691128472223,264.9954757986109,5,0.0,0.0
2025-10-17,46068.58923699026,26847.93335546739,0.0,0.0,26847.93335546739,15295.038499876717,10229.264525023573,25012.97598713711,4191.14511837766,7918.701123771964,873.0118332291671,145.32740475694436,743.1168404166673,5,0.0,0.0
2025-10-18,32866.43607642531,18470.84060211176,0.0,0.0,18470.84060211176,12188.018437538823,11983.049470733953,16685.273092953772,7918.701123771964,6850.027437798592,228.29088482638926,120.10173736111112,214.77327232638913,5,0.0,0.0
2025-10-19,54314.9414407603,32446.8875286495,10320.81235298147,52691.54382961886,85138.43135826835,16748.36563269339,16581.986883951613,556.3026366666656,6850.027437798592,5259.973288402957,675.6374780208326,193.0474237499999,832.514300868055,5,0.0,0.0
2025-10-20,73267.84840552523,45750.87645671838,75.18453458333282,486.97181961686874,46237.84827633525,20004.541336624992,17392.8560917016,6311.466870185179,5259.973288402957,5904.267451183023,86.82990829861114,184.82192743055552,237.95772545138874,5,0.0,0.0
2025-10-21,74358.0656221374,46638.82728919937,21.49945499999785,135.0273271274865,46773.854616326855,19315.488432948005,17151.301270903205,5725.26989842592,5904.267451183023,6149.489770610449,92.22937934027779,191.59846510416668,246.93933458333305,5,0.0,0.0
2025-10-22,75936.24509630405,48196.589005273214,304.07321924999724,1939.2668770245234,50135.855882297736,20117.236321188735,17275.6482592016,7847.417970233583,6149.489770610449,7024.243686457375,92.29594104166665,171.65383541666662,238.97019013888865,5,0.0,0.0
2025-10-23,74123.94727598746,47843.962299306164,76.22350316666738,511.30065759167144,48355.26295689784,16990.81195809437,16175.58607528493,9948.542446344694,7024.243686457375,6092.5783827503665,102.6920873611111,107.54999583333336,176.08336173611102,5,0.0,0.0
2025-10-24,48235.03320214099,29502.331220792646,0.0,0.0,29502.331220792646,13862.31388222222,10240.268119666667,26250.12559791877,6092.5783827503665,8449.333665496244,845.4822868402783,98.02281444444448,765.3193027430559,5,0.0,0.0
2025-10-25,35730.92265863383,21603.879789712257,0.0,0.0,21603.879789712257,11011.596487353621,11116.922747951594,16462.114727565142,8449.333665496244,7177.58585269867,203.7943547222226,116.9705422916667,190.78909138888912,5,0.0,0.0
2025-10-26,59602.53583070968,36980.280412121545,6129.369038083334,35356.82264400646,72337.103056128,16184.397025779548,15569.401424486528,568.7400424999987,7177.58585269867,6119.862897791643,649.2983637499996,92.81473524305555,711.4851668402774,5,0.0,0.0
2025-10-27,77709.26803076701,49678.68340712557,168.51537083333477,1121.6559185833848,50800.339325708956,18917.18129442948,15731.343637569862,11135.9859114074,6119.862897791643,7483.984654837438,96.4924293402778,196.62126298611108,240.71646795138886,5,0.0,0.0
2025-10-28,76949.73603181331,49538.84221523836,100.67430166666455,661.325496979028,50200.167712217386,17891.617893596143,15968.04019923653,9181.59443912037,7483.984654837438,7625.671459355041,95.56388979166678,104.52439052083334,165.6504460069444,5,0.0,0.0
2025-10-29,76366.77423204479,49158.01091781225,331.9675716666642,2052.051062066693,51210.06197987894,18941.424321373917,17214.312955903202,5654.189346574079,7625.671459355041,7449.605255797009,87.00100652777772,213.4539843055555,270.5574869444441,5,0.0,0.0
2025-10-30,76209.75840472998,49189.4004051744,98.112469866667,423.23470145645103,49612.63510663085,16530.476730781338,15675.294606418263,10592.118016900247,7449.605255797009,6608.581122290466,114.2254377777779,100.35043902777777,181.87151500000002,5,0.0,0.0
2025-10-31,50567.84660664521,30864.30189565845,0.0,0.0,30864.30189565845,14596.045153659521,9838.211134118264,21898.177853770616,6608.581122290466,10085.220282011056,854.4141841319449,259.1636765624999,601.5435942361115,5,0.0,0.0
2025-11-01,35394.687800264095,21599.932588907956,0.0,0.0,21599.932588907956,11874.951565545969,12405.096876666667,13451.868303051462,10085.220282011056,8274.668255634138,205.3887520138892,105.73219690972223,163.70402538194455,5,0.0,0.0
2025-11-02,60691.418185566916,37574.97548988696,8691.722079118266,49743.393819581936,87318.3693094689,15810.7785434797,15693.410792166662,438.1469133721482,8274.668255634138,6731.782335704099,685.4143117013883,141.39511729166668,825.4129494097217,5,0.0,0.0
2025-11-03,78700.39108982257,50708.04549020302,118.56565883333259,746.9881285531312,51455.03361875615,18784.729972947993,16100.719092903197,6669.050501944441,6731.782335704099,7580.893819383982,85.33876874999989,184.56591062500001,238.38041208333303,5,0.0,0.0
2025-11-04,79240.96932190203,51050.6452307679,567.7727948333295,3598.0780256886405,54648.72325645654,17845.462878279544,16056.637869784932,10430.119908240746,7580.893819383982,7585.403986976746,115.97812868055557,115.70532107638891,171.424895659722,5,0.0,0.0
2025-11-05,82778.38944000776,53946.398541606024,120.92255916666784,781.0449758500079,54727.443517456035,16712.043951188734,15113.962024236533,11579.595338888892,7585.403986976746,7508.326137796803,105.4548024652777,108.1214835069444,181.79200798611086,5,0.0,0.0
2025-11-06,80146.9338251542,52435.40692991954,309.58131166666703,1779.534903458753,54214.941833378296,16272.560666427784,16753.680800069866,9510.352053796298,7508.326137796803,5285.902485332968,102.452074236111,211.17614993055557,284.1535279166664,5,0.0,0.0
2025-11-07,58763.07022705864,35649.86428352062,0.0,0.0,35649.86428352062,14308.93484935072,9481.508842618265,30690.923728659513,5285.902485332968,8866.162123904714,840.8858267013893,155.7971962152778,829.6173594444448,5,0.0,0.0
2025-11-08,39571.55736461212,23471.89048055856,0.0,0.0,23471.89048055856,11356.976507656298,11133.379857868262,15585.130406490749,8866.162123904714,7904.7232508351635,197.62289750000033,80.0665002083333,182.3057133333336,5,0.0,0.0
2025-11-09,66926.28365176702,41836.56900525664,5001.702545916663,29732.316649094806,71568.88565435144,17450.87045933689,17269.199779986535,424.83246000000054,7904.7232508351635,6256.737700972464,676.9949779166662,131.1518605902778,807.5673921180552,5,0.0,0.0
2025-11-10,85687.33871219117,55489.134919276185,309.15430333333035,1922.3312541453981,57411.466173421584,19232.00134281659,16291.007716736538,9148.493581111114,6256.737700972464,7329.586241565413,106.60757965277766,185.75571659722223,265.2324456249996,5,0.0,0.0
2025-11-11,85204.35024297073,55649.5871723843,101.06767866666229,410.3453857360175,56059.932558120316,17330.846870316593,15616.654684284935,12077.866985605731,7329.586241565413,7309.671796946409,94.11327131944444,97.5253290972222,162.1122960416665,5,0.0,0.0
2025-11-12,85532.0231745448,55829.76077328347,115.07108174999588,744.7826719811821,56574.54344526466,17879.81011646652,15987.786703319869,12799.020593148147,7309.671796946409,7419.342117604316,95.99357388888892,103.25967538194442,153.40139295138877,5,0.0,0.0
2025-11-13,85517.57826351479,56075.51013416223,34.662243333334516,233.6512477500079,56309.161381912236,16464.970972936513,15167.368330718014,11759.131714629622,7419.342117604316,7051.575070590714,101.8473966319443,141.47446798611114,214.590810034722,5,0.0,0.0
2025-11-14,59967.82227157276,36565.17729503689,0.0,0.0,36565.17729503689,13105.002110122332,8801.977168166664,28074.431112950428,7051.575070590714,10205.97310531198,869.9080562500005,157.2628822569444,717.5337817708338,5,0.0,0.0
2025-11-15,40868.23895359469,24285.68881338136,0.0,0.0,24285.68881338136,11017.958342500002,12094.964285249996,13773.226896344688,10205.97310531198,7909.314376864556,182.50669694444483,123.97857211805551,168.51495093750012,5,0.0,0.0
2025-11-16,70405.86176806693,44241.019567177216,4983.295439284927,28479.001832057547,72720.02139923477,18578.3437723686,18227.23774533334,670.2748803165941,7909.314376864556,6321.083242936269,688.120116944444,123.25998840277771,798.2205243055552,5,0.0,0.0
2025-11-17,89427.14906722998,58427.411488357495,0.0,0.0,58427.411488357495,18467.503805501776,15594.060422118266,13780.34355884647,6321.083242936269,7403.312691839946,109.32538909722234,77.67186968750003,146.2121411458333,5,0.0,0.0
2025-11-18,87275.93992241517,57224.18936836579,21.063565166661917,113.92017603330194,57338.10954439909,17532.475430779556,15912.848351118268,10794.646282920545,7403.312691839946,7262.464356371994,102.67014062499992,150.39017625,223.8598244444443,5,0.0,0.0
2025-11-19,87925.16477176701,57669.65016571765,146.4284583333312,896.0276147845694,58565.67778050222,19324.303474946213,17367.942695451602,10808.796267272402,7262.464356371994,7287.689246542584,100.45975569444437,117.42574868055557,175.93460298611075,5,0.0,0.0
2025-11-20,87353.79684284917,57500.34387663807,112.74726000000003,723.774159203333,58224.118035841406,17637.392458065402,16947.5315154516,11874.245793568687,7287.689246542584,6155.722123900608,99.17513763888887,102.27816527777773,170.75618930555538,5,0.0,0.0
2025-11-21,64350.22083022191,39033.86230613762,0.0,0.0,39033.86230613762,14823.46582071593,8935.170386083333,29562.079703922653,6155.722123900608,10800.0,852.3254166666671,80.8206286111111,786.587493055556,5,0.0,0.0
2025-11-22,42809.61334737635,25448.056426352014,0.0,0.0,25448.056426352014,10698.537061057334,12377.879670034932,14364.152473020617,10800.0,7902.092636464917,187.07612729166695,103.64395715277774,152.06567215277795,5,0.0,0.0
2025-11-23,72808.40687519294,45976.50935378303,4533.917005750001,25355.526310294124,71332.03566407715,19273.731884614663,18790.53695348653,1650.618583148148,7902.092636464917,6379.795089642877,655.6063208333329,123.81383045138888,725.4141981597216,5,0.0,0.0
2025-11-24,89982.55947219118,58937.899663422555,129.33035999999768,870.522041026651,59808.4217044492,18548.79641503883,15933.58184506987,13356.527478888875,6379.795089642877,7181.258475819816,102.25616961805558,111.18605427083335,177.74190902777775,5,0.0,0.0
2025-11-25,89560.15220875388,58758.38900514576,0.0,0.0,58758.38900514576,19537.3407576314,17447.787467951595,11278.287452407407,7181.258475819816,7324.424497816587,102.3764745833333,125.72626857638885,183.1225831597219,5,0.0,0.0
2025-11-26,90755.88990871146,60067.80375217291,0.0,0.0,60067.80375217291,18571.524989892438,16342.674985903195,11776.69085472222,7324.424497816587,7716.228069950526,113.85651829861105,98.66958750000002,182.43520746527756,5,0.0,0.0
2025-11-27,89662.70680097543,59567.20097382954,69.91220416666009,456.47121598203887,60023.67218981158,16490.06163359908,15863.073241284936,13222.460379494625,7716.228069950526,6638.9267480595045,99.44344611111123,89.80776458333331,152.2714160416665,5,0.0,0.0
2025-11-28,65013.40871331991,40092.221197310755,0.0,0.0,40092.221197310755,13323.290014184297,8735.587454701596,29561.734187170547,6638.9267480595045,10070.391774116002,836.191104479167,82.39534656249997,768.8217534027781,5,0.0,0.0
2025-11-29,46156.74492182407,27579.578017820182,0.0,0.0,27579.578017820182,10178.445432037037,11202.19205740025,12303.844447187286,10070.391774116002,7918.365726263931,216.83547722222258,227.72165881944443,265.9951435416667,5,0.0,0.0
2025-11-30,75666.37927570968,48258.516455113975,5377.911100333333,31314.35204081014,79572.8684959241,18646.468178279552,18172.418059736527,306.32247416666723,7918.365726263931,6452.5481007797225,679.7892011111104,150.35332152777775,830.1404167361103,5,0.0,0.0
2025-12-01,93302.45341991515,61604.888389120926,111.05007549999863,687.4383053921579,62292.32669451308,23788.903233410958,20465.64998315319,3835.5589284907373,6452.5481007797225,7447.994029739658,333.96341204861056,129.51954395833332,442.7894311458328,5,0.0,0.0
2025-12-02,95102.69819250776,63225.45313944935,348.0596608333315,2224.4887768266553,65449.94191627601,21975.811332485027,19807.8453234032,4583.1473942592565,7447.994029739658,7416.776947887868,233.54281781249952,188.52956631944446,421.6749025347217,5,0.0,0.0
2025-12-03,96427.58899158181,64263.693228747914,0.0,0.0,64263.693228747914,21134.024934853624,19001.743448284928,7159.024563346469,7416.776947887868,7436.677153912499,218.02785986111067,142.82308597222217,327.6370722916662,5,0.0,0.0
2025-12-04,95907.8740165818,63670.17526302683,278.36522108333145,1707.6594225101132,65377.834685536945,21404.926485312957,19461.210388284933,7384.635140637111,7436.677153912499,7229.25645629124,249.7359052083329,97.83279177083332,326.0489625347219,5,0.0,0.0
2025-12-05,70936.84905079094,44163.1386022382,0.0,0.0,44163.1386022382,13944.837479062744,9253.906623618264,24967.07151201314,7229.25645629124,10704.016804989487,693.1797349652783,119.94030621527774,575.0231856250006,5,0.0,0.0
2025-12-06,52394.273365450426,31349.17061437558,0.0,0.0,31349.17061437558,11460.219759853631,13194.39851828493,10503.28147388173,10704.016804989487,7668.0186585740275,152.3814305208333,131.85145763888892,236.73905322916661,5,0.0,0.0
2025-12-07,82599.43367070968,52903.53035641577,6249.928283218338,35344.47135408897,88248.00171050474,20005.05241879629,19261.68888736827,458.3897558333341,7668.0186585740275,6342.874943031707,835.9658539236104,81.21097086805555,868.2522462499994,5,0.0,0.0
2025-12-08,102263.8491658835,68110.69938807935,0.0,0.0,68110.69938807935,21341.959020964743,17932.250108784934,10990.946970370358,6342.874943031707,7687.383708711923,108.7247867013887,109.20227229166667,194.1189071874997,5,0.0,0.0
2025-12-09,101861.15814273537,68209.18283970104,76.47488057406974,491.7979139050171,68700.98075360605,19952.68505017022,18164.205276995795,12751.835733468339,7687.383708711923,7469.409246351793,119.42569666666647,93.45597017361112,171.1668732291665,5,0.0,0.0
2025-12-10,103209.53259159211,69231.4111720635,0.0,0.0,69231.4111720635,19185.269865458293,17079.126296829127,12734.59880629629,7469.409246351793,7667.174488418214,119.42541319444433,123.56741045138887,202.45045642361086,5,0.0,0.0
2025-12-11,103142.04282107897,69247.7729134972,0.0,0.0,69247.7729134972,18883.18203671577,17044.0980604516,15234.462978148145,7667.174488418214,7615.277055936187,121.48626583333328,73.65945777777776,156.91744548611106,5,0.0,0.0
2025-12-12,77073.781961767,48373.92940823834,0.0,0.0,48373.92940823834,12858.599183061659,8658.022059553887,29177.788188259245,7615.277055936187,10687.658757175333,808.691870729167,142.6291414236111,679.7711368750006,5,0.0,0.0
2025-12-13,59159.226853539134,35773.18607750151,0.0,0.0,35773.18607750151,10392.061828148142,11889.557810166667,16928.138868890994,10687.658757175333,8013.739895057593,180.0411862152781,81.86009256944446,177.27032684027796,5,0.0,0.0
2025-12-14,87723.79373719117,56777.487966967674,2360.2538101666682,14560.376659631163,71337.86462659884,21748.836462723993,21277.192286569865,848.4375712037048,8013.739895057593,6218.367852966921,704.1424794791661,63.035953611111104,760.2516853819438,5,0.0,0.0
2025-12-15,105760.23677889665,70660.29120206258,0.0,0.0,70660.29120206258,21100.73609281659,17710.419431284932,12858.06860903165,6218.367852966921,7567.862520872239,99.53363468749995,104.93075343750002,176.7991046527776,5,0.0,0.0
2025-12-16,104827.31921019293,70500.83824247171,0.0,0.0,70500.83824247171,19527.10481063319,17704.076372569863,13633.841938796282,7567.862520872239,7431.16564503761,104.23865590277754,87.75657628472223,168.78166885416636,5,0.0,0.0
2025-12-17,104374.79865861886,69647.75022979741,0.0,0.0,69647.75022979741,19600.4679103554,17539.4512159032,14074.84335583333,7431.16564503761,7537.597268345565,117.74697659722207,43.27632496527777,123.32271864583304,5,0.0,0.0
2025-12-18,103087.94518495759,68814.0695295331,0.0,0.0,68814.0695295331,20266.12026859615,18248.352510069864,13657.304043097967,7537.597268345565,7528.274590955223,121.25885753472207,90.59344670138887,179.4588825694442,5,0.0,0.0
2025-12-19,78472.11652991516,48979.65898974071,0.0,0.0,48979.65898974071,12872.060891559107,8714.757339618267,31411.226011307655,7528.274590955223,10553.6229539788,828.4994359722226,89.40451097222225,789.8381932638895,5,0.0,0.0
2025-12-20,59292.95959216339,35652.5913589342,0.0,0.0,35652.5913589342,10883.26678596474,12280.244410368265,17889.29771656692,10553.6229539788,7933.882195279718,188.5316049305559,61.727820659722205,194.49626864583362,5,0.0,0.0
2025-12-21,87915.62648149283,56604.914397900575,2705.722227583333,16739.90873460583,73344.8231325064,22210.646605925926,21330.492649534932,700.342886018518,7933.882195279718,6520.438207220596,697.2443222916662,72.82719913194447,735.3167743402774,5,0.0,0.0
2025-12-22,106109.09327028552,70693.99371401405,101.82539339814909,686.0278039809368,71380.02151799499,20939.107878186966,17898.18435603493,14267.173016531655,6520.438207220596,7518.677278446354,110.57055135416655,51.344378020833354,135.37039965277776,5,0.0,0.0
2025-12-23,105251.65308306331,70479.29702290017,0.0,0.0,70479.29702290017,19565.24094420548,17418.456365451602,15840.38638764277,7518.677278446354,7719.229438186396,106.34942857638889,56.4971546527778,123.11923121527778,5,0.0,0.0
2025-12-24,103275.57171717979,69141.44859540161,126.2741904650697,850.9170721664532,69992.36566756807,19611.20733520342,17689.467411849742,13633.648750957858,7719.229438186396,7677.71841944327,102.1611092708333,76.51392190972224,150.591456111111,5,0.0,0.0
2025-12-25,102911.04782060572,69175.67407194476,173.39577116666896,1152.773527572016,70328.44759951677,18931.309934999997,17055.48287716666,13306.433500605728,7677.71841944327,7659.478469712706,120.41934059027777,73.1515873611111,167.29244809027773,5,0.0,0.0
2025-12-26,77825.31053106509,48879.48171655103,0.0,0.0,48879.48171655103,12366.088938966512,8150.119722118262,30603.56258921684,7659.478469712706,10800.0,846.620922881945,86.79735197916663,806.8445095138894,5,0.0,0.0
2025-12-27,58452.59754852988,35290.22683032884,19.576476249999416,125.42840459812105,35415.655234926955,10277.85199277778,11845.0746965,16767.774495168764,10800.0,8064.621493460901,201.11509986111145,60.52607659722222,202.13086402777805,5,0.0,0.0
2025-12-28,87630.82916200598,56652.83063665609,2473.2388987500035,15350.170038056713,72003.00067471279,20479.745797723997,19871.43273131986,2679.265161018521,8064.621493460901,6547.085012818018,653.4671254861105,71.94645208333333,611.2253997916662,5,0.0,0.0
2025-12-29,105060.90338551311,70211.30943744641,0.0,0.0,70211.30943744641,19489.744248649913,16640.196860750002,14727.15548094655,6547.085012818018,7496.3722669370145,111.31832798611117,67.9107593402778,142.31107753472236,5,0.0,0.0
2025-12-30,103770.28693325211,69514.48870240609,59.586097500000335,390.3472415737523,69904.83594397984,18731.22511277777,16687.100179916666,15513.818581224332,7496.3722669370145,7676.624646139571,94.94331788194454,98.17878868055553,155.50342357638894,5,0.0,0.0
2025-12-31,103559.71659445581,69145.66898895678,72.32271283333444,493.86252198884074,69639.53151094561,19630.78788614993,17855.643139451604,13298.767627257475,7676.624646139571,7478.5247720268335,114.37930135416667,76.48671156249998,162.4371693749998,5,0.0,0.0
