date,day_index,branch,level,label,backend,settlement_clock,cash_fee_yuan,regular_fee_yuan,emergency_fee_yuan,emergency_kwh,charge_kwh,discharge_kwh,unused_contract_kwh,curtailment_kwh,pv_curtailment_kwh,S00_kwh,S24_kwh,next_tail_target_soc_kwh,max_physics_residual,template_plan_reference_fee_yuan,template_final_regular_fee_yuan
2025-01-09,8,q4_3,B1,JANUARY_B1,q4-inheritance-v2,delivery,100313.2513799507,100313.2513799507,0.0,0.0,23033.845267691988,21966.093030451604,23135.040329472973,0.0,0.0,7802.124421984468,6499.6536268645805,5833.136147123706,9.094947017729282e-13,102738.92848240308,100220.91645602153
2025-01-10,9,q4_3,B1,JANUARY_B1,q4-inheritance-v2,delivery,49739.52281024233,49739.52281024233,0.0,0.0,22151.103535547598,16367.13200767087,23570.223900192963,4626.603016666666,4626.603016666666,6499.6536268645805,10261.563614798133,6293.689023490659,9.094947017729282e-13,50492.26591141541,49537.21589907566
2025-01-11,10,q4_3,B1,JANUARY_B1,q4-inheritance-v2,delivery,29892.264599887585,29892.264599887585,0.0,0.0,22040.442428775707,19666.11526072222,4309.173320864203,2583.455700452685,2583.455700452685,10261.563614798133,10441.057578195452,9216.103599662418,9.094947017729282e-13,30537.56124021748,30100.459587887588
2025-01-12,11,q4_3,B1,JANUARY_B1,q4-inheritance-v2,delivery,107860.37839653794,64193.07670874364,43667.3016877943,7227.3833326419735,21248.59457476337,24504.707470155296,97.44162861111215,0.0,0.0,10441.057578195452,4769.014691042451,4233.801098817601,9.059419880941277e-13,59948.50098306314,63984.881720743644
2025-01-13,12,q4_3,B1,JANUARY_B1,q4-inheritance-v2,delivery,76425.00226421448,76273.79823077636,151.20403343811628,30.036558092593623,29027.45024512912,25913.600511405344,6531.3179214917745,0.0,0.0,4769.014691042451,4991.538593007066,5149.969069024573,9.094947017729282e-13,76766.20433138238,76534.9906635597
2025-01-14,13,q4_3,B1,JANUARY_B1,q4-inheritance-v2,delivery,77166.82890574934,75778.03353891618,1388.7953668331643,186.1141569722207,28827.192934413564,24537.513711757143,3925.8695637757337,0.0,0.0,4991.538593007066,6474.604577310031,5929.324368611282,9.094947017729282e-13,75516.84110613284,75516.84110613285
2025-01-15,14,q4_3,B1,JANUARY_B1,q4-inheritance-v2,delivery,81196.05886694179,80031.29255062196,1164.766316319831,208.2736187592528,24877.419409413575,22114.865077455812,6284.442194419992,0.0,0.0,6474.604577310031,6764.282272259579,6000.973989877757,9.094947017729282e-13,81178.40779217303,80284.59818144696
2025-01-16,15,q4_3,B1,JANUARY_B1,q4-inheritance-v2,delivery,69559.6246616058,69042.19290165241,517.4317599534047,72.23968324999885,26448.093798804246,27409.41038038879,897.5638468312803,0.0,0.0,6764.282272259579,2963.091749694955,3491.2803765802296,9.059419880941277e-13,69157.72238541074,69200.25135572325
2025-01-17,16,q4_3,B1,JANUARY_B1,q4-inheritance-v2,delivery,38365.267191967505,38365.267191967505,0.0,0.0,25023.613897958174,15892.142060577016,13611.958690114205,4456.506015547605,4456.506015547605,2963.091749694955,9950.787708090933,7415.804700817052,9.094947017729282e-13,39190.951109370726,38359.31850666334
2025-01-18,17,q4_3,B1,JANUARY_B1,q4-inheritance-v2,delivery,27073.001132203924,27073.001132203924,0.0,0.0,21855.92294123096,19562.683797506023,3375.893479740403,2687.959300878081,2687.959300878081,9950.787708090933,10064.257450652074,8932.885372682964,9.094947017729282e-13,27936.263203223378,26912.634443203926
2025-01-19,18,q4_3,B1,JANUARY_B1,q4-inheritance-v2,delivery,117688.4055895679,58919.18345585725,58769.22213371065,9563.850764266404,21165.229506313182,24147.712706265207,3.410605131648481e-13,0.0,0.0,10064.257450652074,4689.433037635121,5823.73802562354,9.094947017729282e-13,53227.66836499744,59306.31715541975
2025-01-20,19,q4_3,B1,JANUARY_B1,q4-inheritance-v2,delivery,71470.44227226824,70976.12417681073,494.31809545751,63.105939000001285,31034.633275031276,26751.433034470112,737.3298486584445,0.0,0.0,4689.433037635121,5932.984932648254,6124.383997925218,8.526512829121202e-13,70668.70822542199,70901.45333407323
2025-01-21,20,q4_3,B1,JANUARY_B1,q4-inheritance-v2,delivery,68588.02164778687,68475.9122626191,112.10938516776842,16.914511944443035,25410.67127646611,22595.393390393932,3908.888067263383,27.84333333333325,27.84333333333325,5932.984932648254,6222.02845116392,6249.51141711893,9.094947017729282e-13,69041.58112684786,68475.15047530577
2025-01-22,21,q4_3,B1,JANUARY_B1,q4-inheritance-v2,delivery,72919.15903568486,72672.1028944712,247.05614121366193,39.383499251591005,25459.850767174044,22538.753072482312,2653.4505534465075,7.533643847645877e-14,7.533643847645877e-14,6222.02845116392,6617.431868453086,7332.387321880718,9.094947017729282e-13,73403.44091458998,72732.66089859288
2025-01-23,22,q4_3,B1,JANUARY_B1,q4-inheritance-v2,delivery,70665.2827854821,70665.2827854821,0.0,0.0,25804.681418135508,26452.53894122221,1084.8351648251246,0.0,0.0,6617.431868453086,3214.4778251656526,3508.8275486091843,9.094947017729282e-13,69439.89124301472,70481.47305515986
2025-01-24,23,q4_3,B1,JANUARY_B1,q4-inheritance-v2,delivery,33932.191940116034,33932.191940116034,0.0,0.0,23697.109845883537,14726.266138146053,11086.436476175686,5037.82755,5037.82755,3214.4778251656526,10172.682672572639,7416.590397575397,8.952838470577262e-13,34333.085897648154,33870.25934562992
2025-01-25,24,q4_3,B1,JANUARY_B1,q4-inheritance-v2,delivery,23000.78985391392,23000.78985391392,0.0,0.0,19565.091559379063,17632.321623370168,3192.6987139094663,3647.710356450617,3647.710356450617,10172.682672572639,10147.659337622194,8371.837774482567,9.094947017729282e-13,21417.74642302736,22629.224394497258
2025-01-26,25,q4_3,B1,JANUARY_B1,q4-inheritance-v2,delivery,103633.01640407792,58634.00273682777,44999.013667250154,7399.7229842499955,22857.327478006184,24708.607963425686,160.1984851440342,0.0,0.0,10147.659337622194,5786.864495211209,6057.335690997597,9.094947017729282e-13,59068.7075383317,58898.594029833315
2025-01-27,26,q4_3,B1,JANUARY_B1,q4-inheritance-v2,delivery,67828.80567061921,66656.59434723009,1172.211323389126,216.6100123333362,27144.85080841605,23905.81102376754,1679.4519635710349,0.0,0.0,5786.864495211209,6339.793702339479,6082.240445658014,9.094947017729282e-13,65275.66927505661,66678.8136858162
2025-01-28,27,q4_3,B1,JANUARY_B1,q4-inheritance-v2,delivery,69282.17249603268,68852.62220102304,429.55029500963195,61.04646308333402,28237.564672626006,25326.788741229375,2000.6098216026023,1.1368683772161603e-13,1.1368683772161603e-13,6339.793702339479,6431.520271483107,6109.581904596833,9.094947017729282e-13,69542.9321453623,68826.4098332036
2025-01-29,28,q4_3,B1,JANUARY_B1,q4-inheritance-v2,delivery,64222.8333178921,64073.656390275435,149.17692761666538,21.562033333333147,29033.570714670488,24324.433579165,3147.9664709697113,0.0,0.0,6431.520271483107,8334.979590045168,7473.914978067117,9.094947017729282e-13,63393.61584496171,64067.79958840321
2025-01-30,29,q4_3,B1,JANUARY_B1,q4-inheritance-v2,delivery,63845.748724180754,62515.777670674855,1329.9710535058962,186.5468050000008,21351.5523799668,24369.105785801337,1795.5061829012259,0.0,0.0,8334.979590045168,2903.547778797176,3160.9418070098773,9.094947017729282e-13,61711.076231625935,62701.52266319153
2025-01-31,30,q4_3,B1,JANUARY_B1,q4-inheritance-v2,delivery,34556.42068314129,34556.42068314129,0.0,0.0,23029.548919548743,14336.512854777779,11740.922971109103,5684.634932716048,5684.634932716048,2903.547778797176,9639.284758616803,6718.018764134104,7.958078640513122e-13,33913.53913956594,34508.31276734963
