timestamp,date,day_index,slot,interval,branch,level,label,backend,settlement_clock,plan_owner_day_index,plan_j,B_kwh,A_kwh,Q_kwh,price_yuan_per_kwh,adjustment_price_yuan_per_kwh,load_kwh,pv_kwh,qL,qB,u,gL,gB,kappa,eL,eB,e_kwh,x,y,I_kwh,S0_kwh,S1_kwh,target_soc_kwh,regular_fee_yuan,emergency_fee_yuan,cash_fee_yuan,physics_residual,schema_hash
2025-08-31T00:00:00,2025-08-31,242,0,0:00-0:10,q4_3,B1,FORMAL_FROZEN,q4-inheritance-v2,delivery,241,143,0.0,0.0,0.0,0.5397,0.5397,738.64,0.0,0.0,0.0,0.0,0.0,0.0,0.0,0.0,0.0,0.0,0.0,738.64,0.0,9376.31836020291,8597.72343656732,8497.907899045027,0.0,0.0,0.0,5.684341886080801e-13,08ad55a129c188b78a6bf379ee5514cf466d54acf150f52d0326740697aa261f
2025-08-31T00:10:00,2025-08-31,242,1,0:10-0:20,q4_3,B1,FORMAL_FROZEN,q4-inheritance-v2,delivery,242,0,704.4585541666667,704.4585541666667,704.4585541666667,0.5409,0.5409,706.46985,0.0,704.4585541666667,0.0,0.0,0.0,0.0,0.0,0.0,0.0,0.0,0.0,2.0112958333332926,704.4585541666667,8597.72343656732,8595.60334460674,7998.320110514514,381.04163194875,0.0,381.04163194875,1.2434497875801752e-14,08ad55a129c188b78a6bf379ee5514cf466d54acf150f52d0326740697aa261f
2025-08-31T00:20:00,2025-08-31,242,2,0:20-0:30,q4_3,B1,FORMAL_FROZEN,q4-inheritance-v2,delivery,242,1,658.1122474999999,658.1122474999999,658.1122474999999,0.5118,0.5118,681.1599833333332,0.0,658.1122474999999,0.0,0.0,0.0,0.0,0.0,0.0,0.0,0.0,0.0,23.047735833333377,658.1122474999999,8595.60334460674,8571.308897892335,7987.1421968506065,336.8218482705,0.0,336.8218482705,2.0250467969162853e-13,08ad55a129c188b78a6bf379ee5514cf466d54acf150f52d0326740697aa261f
2025-08-31T00:30:00,2025-08-31,242,3,0:30-0:40,q4_3,B1,FORMAL_FROZEN,q4-inheritance-v2,delivery,242,2,0.0,0.0,0.0,0.4892,0.4892,717.29,0.0,0.0,0.0,0.0,0.0,0.0,0.0,0.0,0.0,0.0,0.0,717.29,0.0,8571.308897892335,7815.21885027161,7305.555235221355,0.0,0.0,0.0,3.410605131648481e-13,08ad55a129c188b78a6bf379ee5514cf466d54acf150f52d0326740697aa261f
2025-08-31T00:40:00,2025-08-31,242,4,0:40-0:50,q4_3,B1,FORMAL_FROZEN,q4-inheritance-v2,delivery,242,3,673.0031291666666,673.0031291666666,673.0031291666666,0.5215,0.5215,721.97415,0.0,673.0031291666666,0.0,0.0,0.0,0.0,0.0,0.0,0.0,0.0,0.0,48.971020833333455,673.0031291666666,7815.21885027161,7763.598861879313,7328.591184409992,350.97113186041656,0.0,350.97113186041656,3.765876499528531e-13,08ad55a129c188b78a6bf379ee5514cf466d54acf150f52d0326740697aa261f
2025-08-31T00:50:00,2025-08-31,242,5,0:50-1:00,q4_3,B1,FORMAL_FROZEN,q4-inheritance-v2,delivery,242,4,749.0377341666667,749.0377341666667,749.0377341666667,0.5373,0.5373,710.42185,0.0,710.42185,38.61588416666677,0.0,0.0,0.0,0.0,0.0,0.0,0.0,38.61588416666677,0.0,749.0377341666667,7763.598861879313,7800.233106227683,7440.389594604363,402.45797456775006,0.0,402.45797456775006,7.815970093361102e-14,08ad55a129c188b78a6bf379ee5514cf466d54acf150f52d0326740697aa261f
2025-08-31T01:00:00,2025-08-31,242,6,1:00-1:10,q4_3,B1,FORMAL_FROZEN,q4-inheritance-v2,delivery,242,5,758.4818333333333,758.4818333333333,758.4818333333333,0.5048,0.5048,703.6416666666667,0.0,703.6416666666667,54.84016666666662,0.0,0.0,0.0,0.0,0.0,0.0,0.0,54.84016666666662,0.0,758.4818333333333,7800.233106227683,7852.259056406656,7524.884873509168,382.88162946666665,0.0,382.88162946666665,1.4921397450962106e-13,08ad55a129c188b78a6bf379ee5514cf466d54acf150f52d0326740697aa261f
2025-08-31T01:10:00,2025-08-31,242,7,1:10-1:20,q4_3,B1,FORMAL_FROZEN,q4-inheritance-v2,delivery,242,6,0.0,0.0,0.0,0.4629,0.4629,699.4503833333333,0.0,0.0,0.0,0.0,0.0,0.0,0.0,0.0,0.0,0.0,0.0,699.4503833333333,0.0,7852.259056406656,7114.973615869586,6804.458750020123,0.0,0.0,0.0,1.1368683772161605e-13,08ad55a129c188b78a6bf379ee5514cf466d54acf150f52d0326740697aa261f
2025-08-31T01:20:00,2025-08-31,242,8,1:20-1:30,q4_3,B1,FORMAL_FROZEN,q4-inheritance-v2,delivery,242,7,0.0,0.0,0.0,0.449,0.449,695.7451833333332,0.0,0.0,0.0,0.0,0.0,0.0,0.0,0.0,0.0,0.0,0.0,695.7451833333332,0.0,7114.973615869586,6381.593799061335,6104.030536804413,0.0,0.0,0.0,2.273736754432321e-13,08ad55a129c188b78a6bf379ee5514cf466d54acf150f52d0326740697aa261f
2025-08-31T01:30:00,2025-08-31,242,9,1:30-1:40,q4_3,B1,FORMAL_FROZEN,q4-inheritance-v2,delivery,242,8,680.0872499999999,680.0872499999999,680.0872499999999,0.4672,0.4672,696.8,0.0,680.0872499999999,0.0,0.0,0.0,0.0,0.0,0.0,0.0,0.0,0.0,16.712750000000028,680.0872499999999,6381.593799061335,6363.977013739675,6126.020282912495,317.7367632,0.0,317.7367632,3.872457909892546e-13,08ad55a129c188b78a6bf379ee5514cf466d54acf150f52d0326740697aa261f
2025-08-31T01:40:00,2025-08-31,242,10,1:40-1:50,q4_3,B1,FORMAL_FROZEN,q4-inheritance-v2,delivery,242,9,698.7538233333335,698.7538233333335,698.7538233333335,0.4885,0.4885,707.40605,0.0,698.7538233333335,0.0,0.0,0.0,0.0,0.0,0.0,0.0,0.0,0.0,8.652226666666593,698.7538233333335,6363.977013739675,6354.856766040104,6180.311951276259,341.34124269833336,0.0,341.34124269833336,3.730349362740526e-13,08ad55a129c188b78a6bf379ee5514cf466d54acf150f52d0326740697aa261f
2025-08-31T01:50:00,2025-08-31,242,11,1:50-2:00,q4_3,B1,FORMAL_FROZEN,q4-inheritance-v2,delivery,242,10,87.31541332618042,87.31541332618042,87.31541332618042,0.4817,0.4817,711.0109,0.0,87.31541332618042,0.0,0.0,0.0,0.0,0.0,0.0,0.0,0.0,0.0,623.6954866738196,87.31541332618042,6354.856766040104,5697.423997954616,5599.298565523784,42.05983459922111,0.0,42.05983459922111,2.273736754432321e-13,08ad55a129c188b78a6bf379ee5514cf466d54acf150f52d0326740697aa261f
2025-08-31T02:00:00,2025-08-31,242,12,2:00-2:10,q4_3,B1,FORMAL_FROZEN,q4-inheritance-v2,delivery,242,11,611.9410833333333,611.9410833333333,611.9410833333333,0.4666,0.4666,708.3299999999999,0.0,611.9410833333333,0.0,0.0,0.0,0.0,0.0,0.0,0.0,0.0,0.0,96.38891666666666,611.9410833333333,5697.423997954616,5595.821158667005,5561.614229693835,285.5317094833333,0.0,285.5317094833333,2.8421709430404014e-14,08ad55a129c188b78a6bf379ee5514cf466d54acf150f52d0326740697aa261f
2025-08-31T02:10:00,2025-08-31,242,13,2:10-2:20,q4_3,B1,FORMAL_FROZEN,q4-inheritance-v2,delivery,242,12,0.0,0.0,0.0,0.4873,0.4873,713.7409833333332,0.0,0.0,0.0,0.0,0.0,0.0,0.0,22.379046972220408,0.0,22.379046972220408,0.0,691.3619363611128,0.0,5595.821158667005,4867.061689851838,4867.061689851838,0.0,54.52654794781503,54.52654794781503,0.0,08ad55a129c188b78a6bf379ee5514cf466d54acf150f52d0326740697aa261f
2025-08-31T02:20:00,2025-08-31,242,14,2:20-2:30,q4_3,B1,FORMAL_FROZEN,q4-inheritance-v2,delivery,242,13,0.0,0.0,0.0,0.4839,0.4839,706.4918666666667,0.0,0.0,0.0,0.0,0.0,0.0,0.0,44.00053416666674,0.0,44.00053416666674,0.0,662.4913325,0.0,4867.061689851838,4168.734509578528,4168.734509578528,0.0,106.45929241625018,106.45929241625018,0.0,08ad55a129c188b78a6bf379ee5514cf466d54acf150f52d0326740697aa261f
2025-08-31T02:30:00,2025-08-31,242,15,2:30-2:40,q4_3,B1,FORMAL_FROZEN,q4-inheritance-v2,delivery,242,14,0.0,0.0,0.0,0.4448,0.4448,677.3933333333333,0.0,0.0,0.0,0.0,0.0,0.0,0.0,20.712083333333567,0.0,20.712083333333567,0.0,656.6812499999997,0.0,4168.734509578528,3476.5316940030457,3476.5316940030457,0.0,46.063673333333846,46.063673333333846,0.0,08ad55a129c188b78a6bf379ee5514cf466d54acf150f52d0326740697aa261f
2025-08-31T02:40:00,2025-08-31,242,16,2:40-2:50,q4_3,B1,FORMAL_FROZEN,q4-inheritance-v2,delivery,242,15,402.0930760833336,402.0930760833336,402.0930760833336,0.4231,0.4231,643.6531833333333,0.0,402.0930760833336,0.0,0.0,0.0,0.0,0.0,0.0,0.0,0.0,0.0,241.56010724999976,402.0930760833336,3476.5316940030457,3221.904983754862,3218.667315638454,170.12558049085845,0.0,170.12558049085845,1.7053025658242404e-13,08ad55a129c188b78a6bf379ee5514cf466d54acf150f52d0326740697aa261f
2025-08-31T02:50:00,2025-08-31,242,17,2:50-3:00,q4_3,B1,FORMAL_FROZEN,q4-inheritance-v2,delivery,242,16,627.2321908333332,627.2321908333332,627.2321908333332,0.4326,0.4326,643.5706,0.0,627.2321908333332,0.0,0.0,0.0,0.0,0.0,0.0,0.0,0.0,0.0,16.338409166666793,627.2321908333332,3221.904983754862,3204.682788318048,3194.087096527132,271.3406457544999,0.0,271.3406457544999,2.0605739337042905e-13,08ad55a129c188b78a6bf379ee5514cf466d54acf150f52d0326740697aa261f
2025-08-31T03:00:00,2025-08-31,242,18,3:00-3:10,q4_3,B1,FORMAL_FROZEN,q4-inheritance-v2,delivery,242,17,656.3475000000001,656.3475000000001,656.3475000000001,0.4788,0.4788,672.2583333333333,0.0,656.3475000000001,0.0,0.0,0.0,0.0,0.0,2.6706275000001973,0.0,2.6706275000001973,0.0,13.240205833333048,656.3475000000001,3204.682788318048,3190.726385943788,3190.726385943788,314.25918300000006,6.393482235000473,320.65266523500054,5.329070518200752e-14,08ad55a129c188b78a6bf379ee5514cf466d54acf150f52d0326740697aa261f
2025-08-31T03:10:00,2025-08-31,242,19,3:10-3:20,q4_3,B1,FORMAL_FROZEN,q4-inheritance-v2,delivery,242,18,0.0,0.0,0.0,0.545,0.545,682.6724666666667,0.0,0.0,0.0,0.0,0.0,0.0,0.0,38.05356083333368,0.0,38.05356083333368,0.0,644.618905833333,0.0,3190.726385943788,2511.2383975308103,2511.2383975308103,0.0,103.69595327083428,103.69595327083428,0.0,08ad55a129c188b78a6bf379ee5514cf466d54acf150f52d0326740697aa261f
2025-08-31T03:20:00,2025-08-31,242,20,3:20-3:30,q4_3,B1,FORMAL_FROZEN,q4-inheritance-v2,delivery,242,19,0.0,0.0,0.0,0.5216,0.5216,654.4229833333333,0.0,0.0,0.0,0.0,0.0,0.0,0.0,34.59968000000026,0.0,34.59968000000026,0.0,619.823303333333,0.0,2511.2383975308103,1857.887269069888,1857.887269069888,0.0,90.23596544000068,90.23596544000068,0.0,08ad55a129c188b78a6bf379ee5514cf466d54acf150f52d0326740697aa261f
2025-08-31T03:30:00,2025-08-31,242,21,3:30-3:40,q4_3,B1,FORMAL_FROZEN,q4-inheritance-v2,delivery,242,20,0.0,0.0,0.0,0.4376,0.4376,627.7349999999999,0.0,0.0,0.0,0.0,0.0,0.0,0.0,9.84810583333308,0.0,9.84810583333308,0.0,617.8868941666668,0.0,1857.887269069888,1206.5772950918629,1206.5772950918629,0.0,21.54765556333277,21.54765556333277,0.0,08ad55a129c188b78a6bf379ee5514cf466d54acf150f52d0326740697aa261f
2025-08-31T03:40:00,2025-08-31,242,22,3:40-3:50,q4_3,B1,FORMAL_FROZEN,q4-inheritance-v2,delivery,242,21,599.7715399999998,599.7715399999998,599.7715399999998,0.4362,0.4362,660.3373333333333,0.0,599.7715399999998,0.0,0.0,0.0,0.0,0.0,54.326023333333495,0.0,54.326023333333495,0.0,6.239769999999933,599.7715399999998,1206.5772950918629,1200.0,1200.0,261.6203457479999,118.48505689000037,380.1054026380002,2.8421709430404014e-14,08ad55a129c188b78a6bf379ee5514cf466d54acf150f52d0326740697aa261f
2025-08-31T03:50:00,2025-08-31,242,23,3:50-4:00,q4_3,B1,FORMAL_FROZEN,q4-inheritance-v2,delivery,242,22,669.70313,669.70313,669.70313,0.474,0.474,670.8511833333333,0.0,669.70313,0.0,0.0,0.0,0.0,0.0,1.148053333333337,0.0,1.148053333333337,0.0,0.0,669.70313,1200.0,1200.0,1202.0642243818018,317.43928362,2.720886400000009,320.16017001999995,0.0,08ad55a129c188b78a6bf379ee5514cf466d54acf150f52d0326740697aa261f
2025-08-31T04:00:00,2025-08-31,242,24,4:00-4:10,q4_3,B1,FORMAL_FROZEN,q4-inheritance-v2,delivery,242,23,1408.818083333333,1408.818083333333,1408.818083333333,0.5014,0.5014,646.375,0.0,646.375,762.4430833333331,0.0,0.0,0.0,0.0,0.0,0.0,0.0,762.4430833333331,0.0,1408.818083333333,1200.0,1923.317018872469,1941.074836712272,706.3813869833332,0.0,706.3813869833332,0.0,08ad55a129c188b78a6bf379ee5514cf466d54acf150f52d0326740697aa261f
2025-08-31T04:10:00,2025-08-31,242,25,4:10-4:20,q4_3,B1,FORMAL_FROZEN,q4-inheritance-v2,delivery,242,24,1481.2718641666663,1481.2718641666663,1481.2718641666663,0.5126,0.5126,657.0223666666666,0.0002166666666666,657.0221499999999,824.2497141666666,0.0,0.0002166666666666,0.0,0.0,0.0,0.0,0.0,824.2497141666666,0.0,1481.2718641666663,1923.317018872469,2705.2689561252955,2731.6442517543665,759.2999575718331,0.0,759.2999575718331,2.273736754432321e-13,08ad55a129c188b78a6bf379ee5514cf466d54acf150f52d0326740697aa261f
2025-08-31T04:20:00,2025-08-31,242,26,4:20-4:30,q4_3,B1,FORMAL_FROZEN,q4-inheritance-v2,delivery,242,25,1444.6665625,1444.6665625,1444.6665625,0.5076,0.5076,689.1613833333333,0.0,689.1613833333333,755.5051791666667,0.0,0.0,0.0,0.0,0.0,0.0,0.0,755.5051791666667,0.0,1444.6665625,2705.2689561252955,3422.004101191373,3502.257983968585,733.3127471250001,0.0,733.3127471250001,1.1368683772161605e-13,08ad55a129c188b78a6bf379ee5514cf466d54acf150f52d0326740697aa261f
2025-08-31T04:30:00,2025-08-31,242,27,4:30-4:40,q4_3,B1,FORMAL_FROZEN,q4-inheritance-v2,delivery,242,26,1453.7265000000002,1453.7265000000002,1453.7265000000002,0.4956,0.4956,697.0383333333332,0.0,697.0383333333332,756.688166666667,0.0,0.0,0.0,0.0,0.0,0.0,0.0,756.688166666667,0.0,1453.7265000000002,3422.004101191373,4139.861526740504,4292.82739901068,720.4668534000001,0.0,720.4668534000001,2.273736754432321e-13,08ad55a129c188b78a6bf379ee5514cf466d54acf150f52d0326740697aa261f
2025-08-31T04:40:00,2025-08-31,242,28,4:40-4:50,q4_3,B1,FORMAL_FROZEN,q4-inheritance-v2,delivery,242,27,1389.0709616666663,1389.0709616666663,1389.0709616666663,0.4889,0.4889,651.2372166666667,0.0030333333333333,651.2341833333334,737.836778333333,0.0,0.0030333333333333,0.0,0.0,0.0,0.0,0.0,737.836778333333,0.0,1389.0709616666663,4139.861526740504,4839.834955032736,5054.768395795796,679.1167931588332,0.0,679.1167931588332,3.410605131648481e-13,08ad55a129c188b78a6bf379ee5514cf466d54acf150f52d0326740697aa261f
2025-08-31T04:50:00,2025-08-31,242,29,4:50-5:00,q4_3,B1,FORMAL_FROZEN,q4-inheritance-v2,delivery,242,28,607.6484183333333,607.6484183333333,607.6484183333333,0.4774,0.4774,624.5160833333333,0.0,607.6484183333333,0.0,0.0,0.0,0.0,0.0,16.867664999999988,0.0,16.867664999999988,0.0,0.0,607.6484183333333,4839.834955032736,4839.834955032736,5043.489953325072,290.0913549123333,40.26311635499997,330.3544712673333,0.0,08ad55a129c188b78a6bf379ee5514cf466d54acf150f52d0326740697aa261f
2025-08-31T05:00:00,2025-08-31,242,30,5:00-5:10,q4_3,B1,FORMAL_FROZEN,q4-inheritance-v2,delivery,242,29,562.7553333333334,562.7553333333334,562.7553333333334,0.4557,0.4557,638.98,0.0,562.7553333333334,0.0,0.0,0.0,0.0,0.0,76.22466666666662,0.0,76.22466666666662,0.0,0.0,562.7553333333334,4839.834955032736,4839.834955032736,4928.245136052541,256.44760540000004,173.6779029999999,430.1255084,0.0,08ad55a129c188b78a6bf379ee5514cf466d54acf150f52d0326740697aa261f
2025-08-31T05:10:00,2025-08-31,242,31,5:10-5:20,q4_3,B1,FORMAL_FROZEN,q4-inheritance-v2,delivery,242,30,598.1261097222222,598.1261097222222,598.1261097222222,0.4319,0.4319,644.9450166666666,0.0423166666666666,598.1261097222222,0.0,0.0,0.0423166666666666,0.0,0.0,46.7765902777777,0.0,46.7765902777777,0.0,0.0,598.1261097222222,4839.834955032736,4839.834955032736,4887.779337800024,258.33066678902776,101.01404670486096,359.3447134938887,0.0,08ad55a129c188b78a6bf379ee5514cf466d54acf150f52d0326740697aa261f
2025-08-31T05:20:00,2025-08-31,242,32,5:20-5:30,q4_3,B1,FORMAL_FROZEN,q4-inheritance-v2,delivery,242,31,621.5613294444445,621.5613294444445,621.5613294444445,0.4283,0.4283,613.3195666666666,0.0,613.3195666666666,8.241762777777922,0.0,0.0,0.0,0.0,0.0,0.0,0.0,8.241762777777922,0.0,621.5613294444445,4839.834955032736,4847.653777726508,4912.096285613278,266.2147174010556,0.0,266.2147174010556,4.227729277772596e-13,08ad55a129c188b78a6bf379ee5514cf466d54acf150f52d0326740697aa261f
2025-08-31T05:30:00,2025-08-31,242,33,5:30-5:40,q4_3,B1,FORMAL_FROZEN,q4-inheritance-v2,delivery,242,32,594.0281916666665,594.0281916666665,594.0281916666665,0.4229,0.4229,578.3566666666666,0.0,578.3566666666666,15.671524999999974,0.0,0.0,0.0,0.0,0.0,0.0,0.0,15.671524999999974,0.0,594.0281916666665,4847.653777726508,4862.521091748989,4912.570405902868,251.2145222558333,0.0,251.2145222558333,8.526512829121202e-14,08ad55a129c188b78a6bf379ee5514cf466d54acf150f52d0326740697aa261f
2025-08-31T05:40:00,2025-08-31,242,34,5:40-5:50,q4_3,B1,FORMAL_FROZEN,q4-inheritance-v2,delivery,242,33,1392.649357222222,1392.649357222222,1392.649357222222,0.4119,0.4119,616.6446333333333,4.7339,611.9107333333334,780.7386238888887,0.0,4.7339,0.0,0.0,0.0,0.0,0.0,780.7386238888887,0.0,1392.649357222222,4862.521091748989,5603.19478437532,5693.789511133217,573.6322702398332,0.0,573.6322702398332,3.410605131648481e-13,08ad55a129c188b78a6bf379ee5514cf466d54acf150f52d0326740697aa261f
2025-08-31T05:50:00,2025-08-31,242,35,5:50-6:00,q4_3,B1,FORMAL_FROZEN,q4-inheritance-v2,delivery,242,34,0.0,0.0,0.0,0.6359,0.6359,740.9601666666667,30.245166666666663,0.0,0.0,0.0,30.245166666666663,0.0,0.0,239.25579000000076,0.0,239.25579000000076,0.0,471.4592099999993,0.0,5603.19478437532,5106.233141887443,5106.233141887443,0.0,760.7137843050023,760.7137843050023,2.8421709430404014e-14,08ad55a129c188b78a6bf379ee5514cf466d54acf150f52d0326740697aa261f
2025-08-31T06:00:00,2025-08-31,242,36,6:00-6:10,q4_3,B1,FORMAL_FROZEN,q4-inheritance-v2,delivery,242,35,0.0,0.0,0.0,0.9696,0.9696,862.8333333333333,73.54374999999999,0.0,0.0,0.0,73.54374999999999,0.0,0.0,159.0858166666668,0.0,159.0858166666668,0.0,630.2037666666664,0.0,5106.233141887443,4441.940044326121,4441.940044326121,0.0,771.2480392000007,771.2480392000007,1.1368683772161605e-13,08ad55a129c188b78a6bf379ee5514cf466d54acf150f52d0326740697aa261f
2025-08-31T06:10:00,2025-08-31,242,37,6:10-6:20,q4_3,B1,FORMAL_FROZEN,q4-inheritance-v2,delivery,242,36,0.0,0.0,0.0,1.0067,1.0067,863.5358333333334,115.52546666666666,0.0,0.0,0.0,115.52546666666666,0.0,0.0,126.74871666666638,0.0,126.74871666666638,0.0,621.2616500000003,0.0,4441.940044326121,3787.072765354672,3787.072765354672,0.0,637.9896653416653,637.9896653416653,1.1368683772161605e-13,08ad55a129c188b78a6bf379ee5514cf466d54acf150f52d0326740697aa261f
2025-08-31T06:20:00,2025-08-31,242,38,6:20-6:30,q4_3,B1,FORMAL_FROZEN,q4-inheritance-v2,delivery,242,37,0.0,0.0,0.0,0.9209,0.9209,837.3894166666666,160.56205,0.0,0.0,0.0,160.56205,0.0,0.0,1.7367124999998396,0.0,1.7367124999998396,0.0,675.0906541666668,0.0,3787.072765354672,3075.4647339347694,3075.4647339347694,0.0,7.996692706249261,7.996692706249261,0.0,08ad55a129c188b78a6bf379ee5514cf466d54acf150f52d0326740697aa261f
2025-08-31T06:30:00,2025-08-31,242,39,6:30-6:40,q4_3,B1,FORMAL_FROZEN,q4-inheritance-v2,delivery,242,38,0.0,0.0,0.0,0.8766,0.8766,828.9383333333333,210.55,0.0,0.0,0.0,210.55,0.0,0.0,227.1178416666665,0.0,227.1178416666665,0.0,391.2704916666668,0.0,3075.4647339347694,2663.029422307903,2663.029422307903,0.0,995.4575000249991,995.4575000249991,5.684341886080803e-14,08ad55a129c188b78a6bf379ee5514cf466d54acf150f52d0326740697aa261f
2025-08-31T06:40:00,2025-08-31,242,40,6:40-6:50,q4_3,B1,FORMAL_FROZEN,q4-inheritance-v2,delivery,242,39,0.0,0.0,0.0,0.867,0.867,799.5452833333334,261.1138833333333,0.0,0.0,0.0,261.1138833333333,0.0,0.0,172.06664583333327,0.0,172.06664583333327,0.0,366.3647541666668,0.0,2663.029422307903,2276.84706311646,2276.84706311646,0.0,745.9089096874997,745.9089096874997,0.0,08ad55a129c188b78a6bf379ee5514cf466d54acf150f52d0326740697aa261f
2025-08-31T06:50:00,2025-08-31,242,41,6:50-7:00,q4_3,B1,FORMAL_FROZEN,q4-inheritance-v2,delivery,242,40,0.0,0.0,0.0,0.8381,0.8381,791.6690166666667,316.43745,0.0,0.0,0.0,316.43745,0.0,0.0,76.49690894444433,0.0,76.49690894444433,0.0,398.7346577222224,0.0,2276.84706311646,1856.54382963317,1856.54382963317,0.0,320.560296931694,320.560296931694,0.0,08ad55a129c188b78a6bf379ee5514cf466d54acf150f52d0326740697aa261f
2025-08-31T07:00:00,2025-08-31,242,42,7:00-7:10,q4_3,B1,FORMAL_FROZEN,q4-inheritance-v2,delivery,242,41,0.0,215.2396316666677,215.2396316666677,0.8013,0.8013,822.3383333333333,367.00625,215.2396316666677,0.0,0.0,367.00625,0.0,0.0,125.34308438888829,0.0,125.34308438888829,0.0,114.74936727777728,215.2396316666677,1856.54382963317,1735.5873760795128,1735.5873760795128,258.70727528175127,502.18706760408094,760.8943428858322,2.8421709430404014e-14,08ad55a129c188b78a6bf379ee5514cf466d54acf150f52d0326740697aa261f
2025-08-31T07:10:00,2025-08-31,242,43,7:10-7:20,q4_3,B1,FORMAL_FROZEN,q4-inheritance-v2,delivery,242,42,0.0,0.0,0.0,0.8134,0.8134,859.1655833333332,398.6643,0.0,0.0,0.0,398.6643,0.0,0.0,207.7112111111116,0.0,207.7112111111116,0.0,252.7900722222216,0.0,1735.5873760795128,1469.1232433792852,1469.1232433792852,0.0,844.7614955888909,844.7614955888909,0.0,08ad55a129c188b78a6bf379ee5514cf466d54acf150f52d0326740697aa261f
2025-08-31T07:20:00,2025-08-31,242,44,7:20-7:30,q4_3,B1,FORMAL_FROZEN,q4-inheritance-v2,delivery,242,43,0.0,0.0,0.0,0.815,0.815,861.4962833333334,441.0197333333333,0.0,0.0,0.0,441.0197333333333,0.0,0.0,165.1638238888887,0.0,165.1638238888887,0.0,255.3127261111114,0.0,1469.1232433792852,1200.0,1200.0,0.0,673.0425823472212,673.0425823472212,2.8421709430404014e-14,08ad55a129c188b78a6bf379ee5514cf466d54acf150f52d0326740697aa261f
2025-08-31T07:30:00,2025-08-31,242,45,7:30-7:40,q4_3,B1,FORMAL_FROZEN,q4-inheritance-v2,delivery,242,44,0.0,138.81215166666635,138.81215166666635,0.7663,0.7663,832.9166666666666,502.9625,138.81215166666635,0.0,0.0,502.9625,0.0,0.0,191.1420150000003,0.0,191.1420150000003,0.0,0.0,138.81215166666635,1200.0,1200.0,1200.0,159.55762773324963,732.3606304725012,891.9182582057508,1.1368683772161605e-13,08ad55a129c188b78a6bf379ee5514cf466d54acf150f52d0326740697aa261f
2025-08-31T07:40:00,2025-08-31,242,46,7:40-7:50,q4_3,B1,FORMAL_FROZEN,q4-inheritance-v2,delivery,242,45,0.0,462.0821155864196,462.0821155864196,0.7176,0.7176,831.0436833333333,568.0122833333332,263.0314000000001,199.05071558641947,0.0,568.0122833333332,0.0,0.0,0.0,0.0,0.0,199.05071558641947,0.0,462.0821155864196,1200.0,1388.8360893418392,1490.2863857719883,497.385189217222,0.0,497.385189217222,5.684341886080803e-14,08ad55a129c188b78a6bf379ee5514cf466d54acf150f52d0326740697aa261f
2025-08-31T07:50:00,2025-08-31,242,47,7:50-8:00,q4_3,B1,FORMAL_FROZEN,q4-inheritance-v2,delivery,242,46,0.0,0.0,0.0,0.8695,0.8695,939.4529,644.9385,0.0,0.0,0.0,644.9385,0.0,0.0,294.5144,0.0,294.5144,0.0,0.0,0.0,1388.8360893418392,1388.8360893418392,1412.36516047804,0.0,1280.401354,1280.401354,0.0,08ad55a129c188b78a6bf379ee5514cf466d54acf150f52d0326740697aa261f
2025-08-31T08:00:00,2025-08-31,242,48,8:00-8:10,q4_3,B1,FORMAL_FROZEN,q4-inheritance-v2,delivery,242,47,0.0,0.0,0.0,1.1221,1.1221,1088.5983333333334,735.3874999999999,0.0,0.0,0.0,735.3874999999999,0.0,0.0,256.6784868055561,0.0,256.6784868055561,0.0,96.53234652777738,0.0,1388.8360893418392,1287.0820617056982,1287.0820617056982,0.0,1440.0946502225725,1440.0946502225725,0.0,08ad55a129c188b78a6bf379ee5514cf466d54acf150f52d0326740697aa261f
2025-08-31T08:10:00,2025-08-31,242,49,8:10-8:20,q4_3,B1,FORMAL_FROZEN,q4-inheritance-v2,delivery,242,48,0.0,0.0,0.0,1.1568,1.1568,1114.0861166666666,825.1083833333333,0.0,0.0,0.0,825.1083833333333,0.0,0.0,206.3644358333332,0.0,206.3644358333332,0.0,82.61329750000007,0.0,1287.0820617056982,1200.0,1200.0,0.0,1193.6118968599994,1193.6118968599994,2.8421709430404014e-14,08ad55a129c188b78a6bf379ee5514cf466d54acf150f52d0326740697aa261f
2025-08-31T08:20:00,2025-08-31,242,50,8:20-8:30,q4_3,B1,FORMAL_FROZEN,q4-inheritance-v2,delivery,242,49,0.0,0.0,0.0,1.1199,1.1199,1104.642383333333,892.5208833333332,0.0,0.0,0.0,892.5208833333332,0.0,0.0,212.12150000000008,0.0,212.12150000000008,0.0,0.0,0.0,1200.0,1200.0,1200.0,0.0,1187.7743392500004,1187.7743392500004,0.0,08ad55a129c188b78a6bf379ee5514cf466d54acf150f52d0326740697aa261f
2025-08-31T08:30:00,2025-08-31,242,51,8:30-8:40,q4_3,B1,FORMAL_FROZEN,q4-inheritance-v2,delivery,242,50,0.0,0.0,0.0,1.0967,1.0967,1124.8249999999998,939.80625,0.0,0.0,0.0,939.80625,0.0,0.0,185.01874999999995,0.0,185.01874999999995,0.0,0.0,0.0,1200.0,1200.0,1200.0,0.0,1014.5503156249998,1014.5503156249998,0.0,08ad55a129c188b78a6bf379ee5514cf466d54acf150f52d0326740697aa261f
2025-08-31T08:40:00,2025-08-31,242,52,8:40-8:50,q4_3,B1,FORMAL_FROZEN,q4-inheritance-v2,delivery,242,51,0.0,0.0,0.0,1.0301,1.0301,1148.1315833333333,989.92625,0.0,0.0,0.0,989.92625,0.0,0.0,158.20533333333333,0.0,158.20533333333333,0.0,0.0,0.0,1200.0,1200.0,1200.0,0.0,814.8365693333333,814.8365693333333,0.0,08ad55a129c188b78a6bf379ee5514cf466d54acf150f52d0326740697aa261f
2025-08-31T08:50:00,2025-08-31,242,53,8:50-9:00,q4_3,B1,FORMAL_FROZEN,q4-inheritance-v2,delivery,242,52,0.0,0.0,0.0,1.0119,1.0119,1142.0078666666666,1046.6694166666666,0.0,0.0,0.0,1046.6694166666666,0.0,0.0,95.33844999999997,0.0,95.33844999999997,0.0,0.0,0.0,1200.0,1200.0,1200.0,0.0,482.36488777499983,482.36488777499983,0.0,08ad55a129c188b78a6bf379ee5514cf466d54acf150f52d0326740697aa261f
2025-08-31T09:00:00,2025-08-31,242,54,9:00-9:10,q4_3,B1,FORMAL_FROZEN,q4-inheritance-v2,delivery,242,53,0.0,0.0,0.0,1.0308,1.0308,1105.28,1096.7937499999998,0.0,0.0,0.0,1096.7937499999998,0.0,0.0,8.486250000000155,0.0,8.486250000000155,0.0,0.0,0.0,1200.0,1200.0,1200.0,0.0,43.7381325000008,43.7381325000008,0.0,08ad55a129c188b78a6bf379ee5514cf466d54acf150f52d0326740697aa261f
2025-08-31T09:10:00,2025-08-31,242,55,9:10-9:20,q4_3,B1,FORMAL_FROZEN,q4-inheritance-v2,delivery,242,54,0.0,0.0,0.0,0.9821,0.9821,1071.2948166666663,1123.6199333333334,0.0,0.0,0.0,1071.2948166666663,52.32511666666687,0.0,0.0,0.0,0.0,52.32511666666687,0.0,0.0,1200.0,1249.6399642502115,1200.0,0.0,0.0,0.0,7.105427357601003e-14,08ad55a129c188b78a6bf379ee5514cf466d54acf150f52d0326740697aa261f
2025-08-31T09:20:00,2025-08-31,242,56,9:20-9:30,q4_3,B1,FORMAL_FROZEN,q4-inheritance-v2,delivery,242,55,0.0,0.0,0.0,0.9551,0.9551,1081.0272333333332,1143.400583333333,0.0,0.0,0.0,1081.0272333333332,62.37335000000007,0.0,0.0,0.0,0.0,62.37335000000007,0.0,0.0,1249.6399642502115,1308.812519638671,1200.0,0.0,0.0,0.0,7.815970093361102e-14,08ad55a129c188b78a6bf379ee5514cf466d54acf150f52d0326740697aa261f
2025-08-31T09:30:00,2025-08-31,242,57,9:30-9:40,q4_3,B1,FORMAL_FROZEN,q4-inheritance-v2,delivery,242,56,0.0,0.0,0.0,0.95,0.95,1113.26,1154.59375,0.0,0.0,0.0,1113.26,41.33375000000001,0.0,0.0,0.0,0.0,41.33375000000001,0.0,0.0,1308.812519638671,1348.025157909466,1200.0,0.0,0.0,0.0,7.105427357601002e-15,08ad55a129c188b78a6bf379ee5514cf466d54acf150f52d0326740697aa261f
2025-08-31T09:40:00,2025-08-31,242,58,9:40-9:50,q4_3,B1,FORMAL_FROZEN,q4-inheritance-v2,delivery,242,57,0.0,0.0,0.0,0.8982,0.8982,1107.1821666666665,1141.7079666666666,0.0,0.0,0.0,1107.1821666666665,34.52580000000012,0.0,0.0,0.0,0.0,34.52580000000012,0.0,0.0,1348.025157909466,1380.7792077212987,1200.0,0.0,0.0,0.0,6.394884621840903e-14,08ad55a129c188b78a6bf379ee5514cf466d54acf150f52d0326740697aa261f
2025-08-31T09:50:00,2025-08-31,242,59,9:50-10:00,q4_3,B1,FORMAL_FROZEN,q4-inheritance-v2,delivery,242,58,0.0,0.0,0.0,0.9948,0.9948,1097.0139833333333,1138.22665,0.0,0.0,0.0,1097.0139833333333,41.21266666666679,0.0,0.0,0.0,0.0,41.21266666666679,0.0,0.0,1380.7792077212987,1419.8769762560887,1200.0,0.0,0.0,0.0,9.237055564881302e-14,08ad55a129c188b78a6bf379ee5514cf466d54acf150f52d0326740697aa261f
2025-08-31T10:00:00,2025-08-31,242,60,10:00-10:10,q4_3,B1,FORMAL_FROZEN,q4-inheritance-v2,delivery,242,59,0.0,0.0,0.0,1.1656,1.1656,1105.3116666666665,1193.2937499999998,0.0,0.0,0.0,1105.3116666666665,87.98208333333332,0.0,0.0,0.0,0.0,87.98208333333332,0.0,0.0,1419.8769762560887,1503.3441092421106,1200.0,0.0,0.0,0.0,5.684341886080803e-14,08ad55a129c188b78a6bf379ee5514cf466d54acf150f52d0326740697aa261f
2025-08-31T10:10:00,2025-08-31,242,61,10:10-10:20,q4_3,B1,FORMAL_FROZEN,q4-inheritance-v2,delivery,242,60,0.0,0.0,0.0,1.1226,1.1226,1119.1492666666666,1317.50175,0.0,0.0,0.0,1119.1492666666666,198.3524833333333,0.0,0.0,0.0,0.0,198.3524833333333,0.0,0.0,1503.3441092421106,1691.5177973072869,1200.0,0.0,0.0,0.0,5.684341886080803e-14,08ad55a129c188b78a6bf379ee5514cf466d54acf150f52d0326740697aa261f
2025-08-31T10:20:00,2025-08-31,242,62,10:20-10:30,q4_3,B1,FORMAL_FROZEN,q4-inheritance-v2,delivery,242,61,0.0,0.0,0.0,1.0605,1.0605,1128.0886333333333,1362.3762666666669,0.0,0.0,0.0,1128.0886333333333,234.28763333333336,0.0,0.0,0.0,0.0,234.28763333333336,0.0,0.0,1691.5177973072869,1913.782561990403,1200.0,0.0,0.0,0.0,8.526512829121202e-14,08ad55a129c188b78a6bf379ee5514cf466d54acf150f52d0326740697aa261f
2025-08-31T10:30:00,2025-08-31,242,63,10:30-10:40,q4_3,B1,FORMAL_FROZEN,q4-inheritance-v2,delivery,242,62,0.0,0.0,0.0,1.1092,1.1092,1121.045,1313.81875,0.0,0.0,0.0,1121.045,192.77374999999984,0.0,0.0,0.0,0.0,192.77374999999984,0.0,0.0,1913.782561990403,2096.663798917968,1200.0,0.0,0.0,0.0,1.4210854715202006e-13,08ad55a129c188b78a6bf379ee5514cf466d54acf150f52d0326740697aa261f
2025-08-31T10:40:00,2025-08-31,242,64,10:40-10:50,q4_3,B1,FORMAL_FROZEN,q4-inheritance-v2,delivery,242,63,0.0,0.0,0.0,1.1598,1.1598,1095.0940833333334,1298.1424499999998,0.0,0.0,0.0,1095.0940833333334,203.0483666666664,0.0,0.0,0.0,0.0,203.0483666666664,0.0,0.0,2096.663798917968,2289.2923930710717,1200.0,0.0,0.0,0.0,1.1368683772161605e-13,08ad55a129c188b78a6bf379ee5514cf466d54acf150f52d0326740697aa261f
2025-08-31T10:50:00,2025-08-31,242,65,10:50-11:00,q4_3,B1,FORMAL_FROZEN,q4-inheritance-v2,delivery,242,64,0.0,0.0,0.0,0.9265,0.9265,1084.7984,1307.6545666666666,0.0,0.0,0.0,1084.7984,222.8561666666667,0.0,0.0,0.0,0.0,222.8561666666667,0.0,0.0,2289.2923930710717,2500.7123162553,1200.0,0.0,0.0,0.0,1.9895196601282805e-13,08ad55a129c188b78a6bf379ee5514cf466d54acf150f52d0326740697aa261f
2025-08-31T11:00:00,2025-08-31,242,66,11:00-11:10,q4_3,B1,FORMAL_FROZEN,q4-inheritance-v2,delivery,242,65,0.0,0.0,0.0,0.54,0.54,1092.7783333333332,1323.2312499999998,0.0,0.0,0.0,1092.7783333333332,230.45291666666665,0.0,0.0,0.0,0.0,230.45291666666665,0.0,0.0,2500.7123162553,2719.3391492839933,1200.0,0.0,0.0,0.0,5.684341886080803e-14,08ad55a129c188b78a6bf379ee5514cf466d54acf150f52d0326740697aa261f
2025-08-31T11:10:00,2025-08-31,242,67,11:10-11:20,q4_3,B1,FORMAL_FROZEN,q4-inheritance-v2,delivery,242,66,0.0,0.0,0.0,0.445,0.445,1092.0373333333332,1349.1967666666665,0.0,0.0,0.0,1092.0373333333332,257.15943333333325,0.0,0.0,0.0,0.0,257.15943333333325,0.0,0.0,2719.3391492839933,2963.302008623461,1200.0,0.0,0.0,0.0,8.526512829121202e-14,08ad55a129c188b78a6bf379ee5514cf466d54acf150f52d0326740697aa261f
2025-08-31T11:20:00,2025-08-31,242,68,11:20-11:30,q4_3,B1,FORMAL_FROZEN,q4-inheritance-v2,delivery,242,67,0.0,0.0,0.0,0.5116,0.5116,1100.763866666667,1387.3558333333333,0.0,0.0,0.0,1100.763866666667,286.5919666666666,0.0,0.0,0.0,0.0,286.5919666666666,0.0,0.0,2963.302008623461,3235.187020755577,1200.0,0.0,0.0,0.0,5.684341886080803e-14,08ad55a129c188b78a6bf379ee5514cf466d54acf150f52d0326740697aa261f
2025-08-31T11:30:00,2025-08-31,242,69,11:30-11:40,q4_3,B1,FORMAL_FROZEN,q4-inheritance-v2,delivery,242,68,0.0,0.0,0.0,0.5382,0.5382,1110.7833333333333,1430.10625,0.0,0.0,0.0,1110.7833333333333,319.32291666666674,0.0,0.0,0.0,0.0,319.32291666666674,0.0,0.0,3235.187020755577,3538.12333848202,1200.0,0.0,0.0,0.0,1.1368683772161605e-13,08ad55a129c188b78a6bf379ee5514cf466d54acf150f52d0326740697aa261f
2025-08-31T11:40:00,2025-08-31,242,70,11:40-11:50,q4_3,B1,FORMAL_FROZEN,q4-inheritance-v2,delivery,242,69,0.0,0.0,0.0,0.4579,0.4579,1091.357616666667,1455.306283333333,0.0,0.0,0.0,1091.357616666667,363.94866666666667,0.0,0.0,0.0,0.0,363.94866666666667,0.0,0.0,3538.12333848202,3883.39535989644,1200.0,0.0,0.0,0.0,1.7053025658242404e-13,08ad55a129c188b78a6bf379ee5514cf466d54acf150f52d0326740697aa261f
2025-08-31T11:50:00,2025-08-31,242,71,11:50-12:00,q4_3,B1,FORMAL_FROZEN,q4-inheritance-v2,delivery,242,70,0.0,0.0,0.0,0.4263,0.4263,1072.5893333333331,1420.6236,0.0,0.0,0.0,1072.5893333333331,348.0342666666665,0.0,0.0,0.0,0.0,348.0342666666665,0.0,0.0,3883.39535989644,4213.569655832365,1200.0,0.0,0.0,0.0,3.410605131648481e-13,08ad55a129c188b78a6bf379ee5514cf466d54acf150f52d0326740697aa261f
2025-08-31T12:00:00,2025-08-31,242,72,12:00-12:10,q4_3,B1,FORMAL_FROZEN,q4-inheritance-v2,delivery,242,71,282.64344837214014,282.64344837214014,282.64344837214014,0.4803,0.4803,1069.2816666666663,1367.8125,0.0,282.64344837214014,0.0,1069.2816666666663,298.5308333333335,0.0,0.0,0.0,0.0,581.1742817054736,0.0,282.64344837214,4213.569655832365,4764.919990142852,4213.569655832365,135.75364825313892,0.0,135.75364825313892,3.410605131648481e-13,08ad55a129c188b78a6bf379ee5514cf466d54acf150f52d0326740697aa261f
2025-08-31T12:10:00,2025-08-31,242,73,12:10-12:20,q4_3,B1,FORMAL_FROZEN,q4-inheritance-v2,delivery,242,72,0.0,0.0,0.0,0.5102,0.5102,1066.2298,1389.3108166666666,0.0,0.0,0.0,1066.2298,323.0810166666665,0.0,0.0,0.0,0.0,323.0810166666665,0.0,0.0,4764.919990142852,5071.421554571698,4213.569655832365,0.0,0.0,0.0,2.273736754432321e-13,08ad55a129c188b78a6bf379ee5514cf466d54acf150f52d0326740697aa261f
2025-08-31T12:20:00,2025-08-31,242,74,12:20-12:30,q4_3,B1,FORMAL_FROZEN,q4-inheritance-v2,delivery,242,73,0.0,0.0,0.0,0.5101,0.5101,1053.0027333333333,1426.5992166666667,0.0,0.0,0.0,1053.0027333333333,373.5964833333335,0.0,0.0,0.0,0.0,373.5964833333335,0.0,0.0,5071.421554571698,5425.846298520439,4213.569655832365,0.0,0.0,0.0,1.7053025658242404e-13,08ad55a129c188b78a6bf379ee5514cf466d54acf150f52d0326740697aa261f
2025-08-31T12:30:00,2025-08-31,242,75,12:30-12:40,q4_3,B1,FORMAL_FROZEN,q4-inheritance-v2,delivery,242,74,0.0,0.0,0.0,0.4685,0.4685,1045.5516666666667,1438.65625,0.0,0.0,0.0,1045.5516666666667,393.10458333333327,0.0,0.0,0.0,0.0,393.10458333333327,0.0,0.0,5425.846298520439,5798.778051115878,3647.241485767284,0.0,0.0,0.0,2.842170943040401e-13,08ad55a129c188b78a6bf379ee5514cf466d54acf150f52d0326740697aa261f
2025-08-31T12:40:00,2025-08-31,242,76,12:40-12:50,q4_3,B1,FORMAL_FROZEN,q4-inheritance-v2,delivery,242,75,0.0,0.0,0.0,0.4046,0.4046,1076.6913,1440.3512666666666,0.0,0.0,0.0,1076.6913,363.6599666666666,0.0,0.0,0.0,0.0,363.6599666666666,0.0,0.0,5798.778051115878,6143.776187662152,4165.267304035493,0.0,0.0,0.0,3.979039320256561e-13,08ad55a129c188b78a6bf379ee5514cf466d54acf150f52d0326740697aa261f
2025-08-31T12:50:00,2025-08-31,242,77,12:50-13:00,q4_3,B1,FORMAL_FROZEN,q4-inheritance-v2,delivery,242,76,0.0,0.0,0.0,0.5758,0.5758,1145.0212166666663,1444.49535,0.0,0.0,0.0,1145.0212166666663,299.4741333333336,0.0,0.0,0.0,0.0,299.4741333333336,0.0,0.0,6143.776187662152,6427.882296153638,4635.233477853661,0.0,0.0,0.0,1.1368683772161605e-13,08ad55a129c188b78a6bf379ee5514cf466d54acf150f52d0326740697aa261f
2025-08-31T13:00:00,2025-08-31,242,78,13:00-13:10,q4_3,B1,FORMAL_FROZEN,q4-inheritance-v2,delivery,242,77,0.0,0.0,0.0,0.8569,0.8569,1188.5883333333331,1445.50625,0.0,0.0,0.0,1188.5883333333331,256.9179166666668,0.0,0.0,0.0,0.0,256.9179166666668,0.0,0.0,6427.882296153638,6671.616032665239,5117.911902719972,0.0,0.0,0.0,4.263256414560601e-13,08ad55a129c188b78a6bf379ee5514cf466d54acf150f52d0326740697aa261f
2025-08-31T13:10:00,2025-08-31,242,79,13:10-13:20,q4_3,B1,FORMAL_FROZEN,q4-inheritance-v2,delivery,242,78,0.0,0.0,0.0,0.8518,0.8518,1142.3279,1426.8210666666666,0.0,0.0,0.0,1142.3279,284.49316666666664,0.0,0.0,0.0,0.0,284.49316666666664,0.0,0.0,6671.616032665239,6941.509948291407,5657.503928638345,0.0,0.0,0.0,1.1368683772161605e-13,08ad55a129c188b78a6bf379ee5514cf466d54acf150f52d0326740697aa261f
2025-08-31T13:20:00,2025-08-31,242,80,13:20-13:30,q4_3,B1,FORMAL_FROZEN,q4-inheritance-v2,delivery,242,79,0.0,0.0,0.0,0.8345,0.8345,1128.6163833333333,1397.49095,0.0,0.0,0.0,1128.6163833333333,268.8745666666666,0.0,0.0,0.0,0.0,268.8745666666666,0.0,0.0,6941.509948291407,7196.586758958642,6192.971311740679,0.0,0.0,0.0,2.273736754432321e-13,08ad55a129c188b78a6bf379ee5514cf466d54acf150f52d0326740697aa261f
2025-08-31T13:30:00,2025-08-31,242,81,13:30-13:40,q4_3,B1,FORMAL_FROZEN,q4-inheritance-v2,delivery,242,80,0.0,0.0,0.0,0.8815,0.8815,1157.6633333333332,1384.375,0.0,0.0,0.0,1157.6633333333332,226.7116666666668,0.0,0.0,0.0,0.0,226.7116666666668,0.0,0.0,7196.586758958642,7411.664330598504,6680.341410329029,0.0,0.0,0.0,1.4210854715202006e-13,08ad55a129c188b78a6bf379ee5514cf466d54acf150f52d0326740697aa261f
2025-08-31T13:40:00,2025-08-31,242,82,13:40-13:50,q4_3,B1,FORMAL_FROZEN,q4-inheritance-v2,delivery,242,81,0.0,0.0,0.0,0.8163,0.8163,1124.29765,1402.21465,0.0,0.0,0.0,1124.29765,277.9169999999999,0.0,0.0,0.0,0.0,277.9169999999999,0.0,0.0,7411.664330598504,7675.319546742809,7147.935947283466,0.0,0.0,0.0,3.979039320256561e-13,08ad55a129c188b78a6bf379ee5514cf466d54acf150f52d0326740697aa261f
2025-08-31T13:50:00,2025-08-31,242,83,13:50-14:00,q4_3,B1,FORMAL_FROZEN,q4-inheritance-v2,delivery,242,82,0.0,0.0,0.0,0.9107,0.9107,1097.3499166666666,1376.4107666666664,0.0,0.0,0.0,1097.3499166666666,279.06084999999985,0.0,0.0,0.0,0.0,279.06084999999985,0.0,0.0,7675.319546742809,7940.059914277588,7469.444915689231,0.0,0.0,0.0,0.0,08ad55a129c188b78a6bf379ee5514cf466d54acf150f52d0326740697aa261f
2025-08-31T14:00:00,2025-08-31,242,84,14:00-14:10,q4_3,B1,FORMAL_FROZEN,q4-inheritance-v2,delivery,242,83,0.0,0.0,0.0,1.1532,1.1532,1125.8633333333332,1300.65625,0.0,0.0,0.0,1125.8633333333332,174.79291666666677,0.0,0.0,0.0,0.0,174.79291666666677,0.0,0.0,7940.059914277588,8105.88303493679,7787.977871440614,0.0,0.0,0.0,2.557953848736361e-13,08ad55a129c188b78a6bf379ee5514cf466d54acf150f52d0326740697aa261f
2025-08-31T14:10:00,2025-08-31,242,85,14:10-14:20,q4_3,B1,FORMAL_FROZEN,q4-inheritance-v2,delivery,242,84,0.0,0.0,0.0,1.2219,1.2219,1177.77725,1245.0965666666666,0.0,0.0,0.0,1177.77725,67.31931666666674,0.0,0.0,0.0,0.0,67.31931666666674,0.0,0.0,8105.88303493679,8169.74774629463,8015.676723833078,0.0,0.0,0.0,3.694822225952521e-13,08ad55a129c188b78a6bf379ee5514cf466d54acf150f52d0326740697aa261f
2025-08-31T14:20:00,2025-08-31,242,86,14:20-14:30,q4_3,B1,FORMAL_FROZEN,q4-inheritance-v2,delivery,242,85,0.0,0.0,0.0,1.1546,1.1546,1163.0476333333331,1221.2393,0.0,0.0,0.0,1163.0476333333331,58.19166666666683,0.0,0.0,0.0,0.0,58.19166666666683,0.0,0.0,8169.74774629463,8224.95320854702,8189.063067397905,0.0,0.0,0.0,4.973799150320701e-13,08ad55a129c188b78a6bf379ee5514cf466d54acf150f52d0326740697aa261f
2025-08-31T14:30:00,2025-08-31,242,87,14:30-14:40,q4_3,B1,FORMAL_FROZEN,q4-inheritance-v2,delivery,242,86,0.0,0.0,0.0,1.1439,1.1439,1120.4066666666663,1192.0375,0.0,0.0,0.0,1120.4066666666663,71.63083333333338,0.0,0.0,0.0,0.0,71.63083333333338,0.0,0.0,8224.95320854702,8292.908183755793,8341.648134825004,0.0,0.0,0.0,1.4210854715202006e-13,08ad55a129c188b78a6bf379ee5514cf466d54acf150f52d0326740697aa261f
2025-08-31T14:40:00,2025-08-31,242,88,14:40-14:50,q4_3,B1,FORMAL_FROZEN,q4-inheritance-v2,delivery,242,87,0.0,0.0,0.0,1.2889,1.2889,1169.8978833333333,1112.5557833333332,0.0,0.0,0.0,1112.5557833333332,0.0,0.0,57.34210000000007,0.0,57.34210000000007,0.0,0.0,0.0,8292.908183755793,8292.908183755793,8398.059951191934,0.0,369.54116345000045,369.54116345000045,0.0,08ad55a129c188b78a6bf379ee5514cf466d54acf150f52d0326740697aa261f
2025-08-31T14:50:00,2025-08-31,242,89,14:50-15:00,q4_3,B1,FORMAL_FROZEN,q4-inheritance-v2,delivery,242,88,0.0,0.0,0.0,1.1051,1.1051,1193.0451666666663,1035.1464166666665,0.0,0.0,0.0,1035.1464166666665,0.0,0.0,157.89875000000006,0.0,157.89875000000006,0.0,0.0,0.0,8292.908183755793,8292.908183755793,8405.796089811725,0.0,872.4695431250003,872.4695431250003,0.0,08ad55a129c188b78a6bf379ee5514cf466d54acf150f52d0326740697aa261f
2025-08-31T15:00:00,2025-08-31,242,90,15:00-15:10,q4_3,B1,FORMAL_FROZEN,q4-inheritance-v2,delivery,242,89,383.6238166666666,218.37675185185293,218.37675185185293,0.7026,0.7026,1157.236666666667,974.28125,182.95541666666668,35.42133518518625,0.0,974.28125,0.0,0.0,0.0,0.0,0.0,35.42133518518625,0.0,218.37675185185293,8292.908183755793,8326.511812840628,8612.986088908981,211.4827997205559,0.0,211.4827997205559,7.815970093361102e-14,08ad55a129c188b78a6bf379ee5514cf466d54acf150f52d0326740697aa261f
2025-08-31T15:10:00,2025-08-31,242,91,15:10-15:20,q4_3,B1,FORMAL_FROZEN,q4-inheritance-v2,delivery,242,90,312.2947361111105,176.1754722222222,176.1754722222222,0.7007,0.7007,1150.6936833333332,898.6728333333333,176.1754722222222,0.0,0.0,898.6728333333333,0.0,0.0,75.84537777777768,0.0,75.84537777777768,0.0,0.0,176.1754722222222,8326.511812840628,8326.511812840628,8735.605434690819,171.1355374895831,265.7242810444441,436.8598185340272,0.0,08ad55a129c188b78a6bf379ee5514cf466d54acf150f52d0326740697aa261f
2025-08-31T15:20:00,2025-08-31,242,92,15:20-15:30,q4_3,B1,FORMAL_FROZEN,q4-inheritance-v2,delivery,242,91,235.1260880555548,235.12608805555485,235.12608805555485,0.8054,0.8054,1158.1634333333332,842.3087,235.12608805555485,0.0,0.0,842.3087,0.0,0.0,80.72864527777827,0.0,80.72864527777827,0.0,0.0,235.12608805555485,8326.511812840628,8326.511812840628,8952.867399430315,189.37055131994387,325.0942545336131,514.464805853557,0.0,08ad55a129c188b78a6bf379ee5514cf466d54acf150f52d0326740697aa261f
2025-08-31T15:30:00,2025-08-31,242,93,15:30-15:40,q4_3,B1,FORMAL_FROZEN,q4-inheritance-v2,delivery,242,92,460.6579750000001,340.1234333333334,340.1234333333334,0.8162,0.8162,1169.5833333333333,811.975,340.1234333333334,0.0,0.0,811.975,0.0,0.0,17.48489999999981,0.0,17.48489999999981,0.0,0.0,340.1234333333334,8326.511812840628,8326.511812840628,9215.08539200085,326.7988927408334,71.35587689999923,398.1547696408327,2.273736754432321e-13,08ad55a129c188b78a6bf379ee5514cf466d54acf150f52d0326740697aa261f
2025-08-31T15:40:00,2025-08-31,242,94,15:40-15:50,q4_3,B1,FORMAL_FROZEN,q4-inheritance-v2,delivery,242,93,281.46246077777727,281.4624607777772,281.4624607777772,0.8399,0.8399,1196.8467,778.4267666666666,281.4624607777772,0.0,0.0,778.4267666666666,0.0,0.0,136.95747255555625,0.0,136.95747255555625,0.0,0.0,281.4624607777772,8326.511812840628,8326.511812840628,9379.65244696094,236.4003208072551,575.1529059970584,811.5532268043135,0.0,08ad55a129c188b78a6bf379ee5514cf466d54acf150f52d0326740697aa261f
2025-08-31T15:50:00,2025-08-31,242,95,15:50-16:00,q4_3,B1,FORMAL_FROZEN,q4-inheritance-v2,delivery,242,94,394.1961416666665,386.9040579629646,386.9040579629646,0.887,0.887,1210.5654666666665,744.8061666666667,386.9040579629646,0.0,0.0,744.8061666666667,0.0,0.0,78.85524203703511,0.0,78.85524203703511,0.0,0.0,386.9040579629646,8326.511812840628,8326.511812840628,9584.939729415342,346.41793853574137,349.7229984342508,696.1409369699921,0.0,08ad55a129c188b78a6bf379ee5514cf466d54acf150f52d0326740697aa261f
2025-08-31T16:00:00,2025-08-31,242,96,16:00-16:10,q4_3,B1,FORMAL_FROZEN,q4-inheritance-v2,delivery,242,95,439.3682166666666,410.3076666666663,410.3076666666663,0.909,0.909,1206.9483333333333,715.5749999999999,410.3076666666663,0.0,0.0,715.5749999999999,0.0,0.0,81.06566666666708,0.0,81.06566666666708,0.0,0.0,410.3076666666663,8326.511812840628,8326.511812840628,9738.894964318426,386.1776889749998,368.4434550000019,754.6211439750017,0.0,08ad55a129c188b78a6bf379ee5514cf466d54acf150f52d0326740697aa261f
2025-08-31T16:10:00,2025-08-31,242,97,16:10-16:20,q4_3,B1,FORMAL_FROZEN,q4-inheritance-v2,delivery,242,96,442.1777780555558,442.1777780555559,442.1777780555559,0.8717,0.8717,1209.1236166666663,683.87075,442.1777780555559,0.0,0.0,683.87075,0.0,0.0,83.07508861111063,0.0,83.07508861111063,0.0,0.0,442.1777780555559,8326.511812840628,8326.511812840628,9866.492853412448,385.44636913102806,362.0827737115257,747.5291428425537,0.0,08ad55a129c188b78a6bf379ee5514cf466d54acf150f52d0326740697aa261f
2025-08-31T16:20:00,2025-08-31,242,98,16:20-16:30,q4_3,B1,FORMAL_FROZEN,q4-inheritance-v2,delivery,242,97,520.0745519444442,520.0745519444442,520.0745519444442,0.9119,0.9119,1203.8158833333332,627.9257833333334,520.0745519444442,0.0,0.0,627.9257833333334,0.0,0.0,55.81554805555561,0.0,55.81554805555561,0.0,0.0,520.0745519444442,8326.511812840628,8326.511812840628,10057.5119686666,474.2559839181387,254.4909913593058,728.7469752774446,0.0,08ad55a129c188b78a6bf379ee5514cf466d54acf150f52d0326740697aa261f
2025-08-31T16:30:00,2025-08-31,242,99,16:30-16:40,q4_3,B1,FORMAL_FROZEN,q4-inheritance-v2,delivery,242,98,522.0661329531655,522.0661329531655,522.0661329531655,1.0072,1.0072,1191.513333333333,552.8249999999999,522.0661329531655,0.0,0.0,552.8249999999999,0.0,0.0,116.6222003801679,0.0,116.6222003801679,0.0,0.0,522.0661329531655,8326.511812840628,8326.511812840628,10226.472455783043,525.8250091104284,587.3094011145256,1113.134410224954,0.0,08ad55a129c188b78a6bf379ee5514cf466d54acf150f52d0326740697aa261f
2025-08-31T16:40:00,2025-08-31,242,100,16:40-16:50,q4_3,B1,FORMAL_FROZEN,q4-inheritance-v2,delivery,242,99,600.1022363888885,600.1022363888884,600.1022363888884,0.9996,0.9996,1191.8286833333332,488.3212166666666,600.1022363888884,0.0,0.0,488.3212166666666,0.0,0.0,103.40523027777816,0.0,103.40523027777816,0.0,0.0,600.1022363888884,8326.511812840628,8326.511812840628,10340.131130887345,599.8621954943329,516.8193409283354,1116.6815364226682,0.0,08ad55a129c188b78a6bf379ee5514cf466d54acf150f52d0326740697aa261f
2025-08-31T16:50:00,2025-08-31,242,101,16:50-17:00,q4_3,B1,FORMAL_FROZEN,q4-inheritance-v2,delivery,242,100,293.68191111738906,293.6819111173891,293.6819111173891,0.9949,0.9949,1206.7313166666663,440.3199333333333,293.6819111173891,0.0,0.0,440.3199333333333,0.0,0.0,472.7294722159441,0.0,472.7294722159441,0.0,0.0,293.6819111173891,8326.511812840628,8326.511812840628,10107.060647649882,292.18413337069046,2351.592759538214,2643.7768929089043,0.0,08ad55a129c188b78a6bf379ee5514cf466d54acf150f52d0326740697aa261f
2025-08-31T17:00:00,2025-08-31,242,102,17:00-17:10,q4_3,B1,FORMAL_FROZEN,q4-inheritance-v2,delivery,242,101,602.5822166666665,602.5822166666665,602.5822166666665,1.0293,1.0293,1208.7583333333332,396.53125,602.5822166666665,0.0,0.0,396.53125,0.0,0.0,209.6448666666668,0.0,209.6448666666668,0.0,0.0,602.5822166666665,8326.511812840628,8326.511812840628,10214.1719137018,620.2378756149999,1078.9373063000005,1699.1751819150004,0.0,08ad55a129c188b78a6bf379ee5514cf466d54acf150f52d0326740697aa261f
2025-08-31T17:10:00,2025-08-31,242,103,17:10-17:20,q4_3,B1,FORMAL_FROZEN,q4-inheritance-v2,delivery,242,102,727.0467175,727.0467174999999,727.0467174999999,1.0375,1.0375,1169.6701833333332,339.30155,727.0467174999999,0.0,0.0,339.30155,0.0,0.0,103.32191583333338,0.0,103.32191583333338,0.0,0.0,727.0467174999999,8326.511812840628,8326.511812840628,10415.091250803222,754.31096940625,535.9824383854169,1290.293407791667,0.0,08ad55a129c188b78a6bf379ee5514cf466d54acf150f52d0326740697aa261f
2025-08-31T17:20:00,2025-08-31,242,104,17:20-17:30,q4_3,B1,FORMAL_FROZEN,q4-inheritance-v2,delivery,242,103,796.2348141666668,796.2348141666669,796.2348141666669,1.0889,1.0889,1154.4243666666666,276.88283333333334,796.2348141666669,0.0,0.0,276.88283333333334,0.0,0.0,81.30671916666643,0.0,81.30671916666643,0.0,0.0,796.2348141666669,8326.511812840628,8326.511812840628,10558.503636980548,867.0200891460836,442.67443250291535,1309.694521648999,0.0,08ad55a129c188b78a6bf379ee5514cf466d54acf150f52d0326740697aa261f
2025-08-31T17:30:00,2025-08-31,242,105,17:30-17:40,q4_3,B1,FORMAL_FROZEN,q4-inheritance-v2,delivery,242,104,752.5039886349995,752.5039886349994,752.5039886349994,1.1485,1.1485,1188.756666666667,218.8375,752.5039886349994,0.0,0.0,218.8375,0.0,0.0,217.41517803166727,0.0,217.41517803166727,0.0,0.0,752.5039886349994,8326.511812840628,8326.511812840628,10616.247552030038,864.2508309472969,1248.5066598468495,2112.757490794146,0.0,08ad55a129c188b78a6bf379ee5514cf466d54acf150f52d0326740697aa261f
2025-08-31T17:40:00,2025-08-31,242,106,17:40-17:50,q4_3,B1,FORMAL_FROZEN,q4-inheritance-v2,delivery,242,105,873.2038980555553,873.2038980555553,873.2038980555553,1.1165,1.1165,1210.74415,167.9542833333333,873.2038980555553,0.0,0.0,167.9542833333333,0.0,0.0,169.5859686111114,0.0,169.5859686111114,0.0,0.0,873.2038980555553,8326.511812840628,8326.511812840628,10704.782829738202,974.9321521790276,946.7136697715296,1921.645821950557,0.0,08ad55a129c188b78a6bf379ee5514cf466d54acf150f52d0326740697aa261f
2025-08-31T17:50:00,2025-08-31,242,107,17:50-18:00,q4_3,B1,FORMAL_FROZEN,q4-inheritance-v2,delivery,242,106,800.4022087388892,800.402208738889,800.402208738889,1.1827,1.1827,1071.5241,121.15303333333333,800.402208738889,0.0,0.0,121.15303333333333,0.0,0.0,149.96885792777755,0.0,149.96885792777755,0.0,0.0,800.402208738889,8326.511812840628,8326.511812840628,10665.41047664034,946.6356922754844,886.8408413559126,1833.476533631397,2.273736754432321e-13,08ad55a129c188b78a6bf379ee5514cf466d54acf150f52d0326740697aa261f
2025-08-31T18:00:00,2025-08-31,242,108,18:00-18:10,q4_3,B1,FORMAL_FROZEN,q4-inheritance-v2,delivery,242,107,758.3792499999998,1543.88475,1543.88475,1.3507,1.3507,886.0766666666666,74.82499999999999,811.2516666666666,732.6330833333334,0.0,74.82499999999999,0.0,0.0,0.0,0.0,0.0,732.6330833333334,0.0,1543.88475,8326.511812840628,9021.548582598212,9077.303664519328,2615.81627125,0.0,2615.81627125,3.410605131648481e-13,08ad55a129c188b78a6bf379ee5514cf466d54acf150f52d0326740697aa261f
2025-08-31T18:10:00,2025-08-31,242,109,18:10-18:20,q4_3,B1,FORMAL_FROZEN,q4-inheritance-v2,delivery,242,108,762.1815304444441,834.0468600308438,834.0468600308438,1.424,1.424,925.8423833333331,30.389216666666663,834.0468600308438,0.0,0.0,30.389216666666663,0.0,0.0,61.40630663582272,0.0,61.40630663582272,0.0,0.0,834.0468600308438,9021.548582598212,9021.548582598212,9093.918645050922,1238.850843349438,437.2129032470577,1676.0637465964958,0.0,08ad55a129c188b78a6bf379ee5514cf466d54acf150f52d0326740697aa261f
2025-08-31T18:20:00,2025-08-31,242,110,18:20-18:30,q4_3,B1,FORMAL_FROZEN,q4-inheritance-v2,delivery,242,109,827.2104772222222,842.1495924999999,842.1495924999999,1.4441,1.4441,960.7940833333332,4.988866666666667,842.1495924999999,0.0,0.0,4.988866666666667,0.0,0.0,113.65562416666673,0.0,113.65562416666673,0.0,0.0,842.1495924999999,9021.548582598212,9021.548582598212,9117.081227882723,1226.9350147155692,820.650434295417,2047.5854490109864,0.0,08ad55a129c188b78a6bf379ee5514cf466d54acf150f52d0326740697aa261f
2025-08-31T18:30:00,2025-08-31,242,111,18:30-18:40,q4_3,B1,FORMAL_FROZEN,q4-inheritance-v2,delivery,242,110,822.3388500000001,885.9854166666664,885.9854166666664,1.4221,1.4221,910.92,0.0,885.9854166666664,0.0,0.0,0.0,0.0,0.0,24.93458333333365,0.0,24.93458333333365,0.0,0.0,885.9854166666664,9021.548582598212,9021.548582598212,9132.576858835611,1305.2157522699993,177.2973547916689,1482.513107061668,0.0,08ad55a129c188b78a6bf379ee5514cf466d54acf150f52d0326740697aa261f
2025-08-31T18:40:00,2025-08-31,242,112,18:40-18:50,q4_3,B1,FORMAL_FROZEN,q4-inheritance-v2,delivery,242,111,883.8469744444443,899.4707741666665,899.4707741666665,1.342,1.342,921.4932166666669,0.0,899.4707741666665,0.0,0.0,0.0,0.0,0.0,22.02244250000024,0.0,22.02244250000024,0.0,0.0,899.4707741666665,9021.548582598212,9021.548582598212,9132.576858835611,1217.5733485452777,147.77058917500162,1365.3439377202792,0.0,08ad55a129c188b78a6bf379ee5514cf466d54acf150f52d0326740697aa261f
2025-08-31T18:50:00,2025-08-31,242,113,18:50-19:00,q4_3,B1,FORMAL_FROZEN,q4-inheritance-v2,delivery,242,112,695.8237508333333,828.2150686111361,828.2150686111361,1.4363,1.4363,929.2038666666668,0.0550499999999999,828.2150686111361,0.0,0.0,0.0550499999999999,0.0,0.0,100.9337480555306,0.0,100.9337480555306,0.0,0.0,828.2150686111361,9021.548582598212,9021.548582598212,9104.994661695906,1284.6421279083038,724.855711660793,2009.4978395690969,0.0,08ad55a129c188b78a6bf379ee5514cf466d54acf150f52d0326740697aa261f
2025-08-31T19:00:00,2025-08-31,242,114,19:00-19:10,q4_3,B1,FORMAL_FROZEN,q4-inheritance-v2,delivery,242,113,92.49066666666693,92.49066666666693,92.49066666666693,1.651,1.651,914.03,0.0,92.49066666666693,0.0,0.0,0.0,0.0,0.0,116.61641911420054,0.0,116.61641911420054,0.0,704.9229142191325,92.49066666666693,9021.548582598212,8278.494588006228,8278.494588006228,152.7020906666671,962.6685397877256,1115.3706304543923,0.0,08ad55a129c188b78a6bf379ee5514cf466d54acf150f52d0326740697aa261f
2025-08-31T19:10:00,2025-08-31,242,115,19:10-19:20,q4_3,B1,FORMAL_FROZEN,q4-inheritance-v2,delivery,242,114,47.50106750000009,47.5010675000001,47.5010675000001,1.6865,1.6865,930.8484,0.0,47.5010675000001,0.0,0.0,0.0,0.0,0.0,114.06584991358238,0.0,114.06584991358238,0.0,769.2814825864175,47.5010675000001,8278.494588006228,7467.600705751482,7467.600705751482,80.11055033875017,961.8602793962835,1041.9708297350337,0.0,08ad55a129c188b78a6bf379ee5514cf466d54acf150f52d0326740697aa261f
2025-08-31T19:20:00,2025-08-31,242,116,19:20-19:30,q4_3,B1,FORMAL_FROZEN,q4-inheritance-v2,delivery,242,115,375.767404103956,375.767404103956,375.767404103956,1.6506,1.6506,942.3813833333334,0.0039499999999999,375.767404103956,0.0,0.0,0.0039499999999999,0.0,0.0,112.23308341975064,0.0,112.23308341975064,0.0,454.3769458096266,375.767404103956,7467.600705751482,6988.645350741708,6988.645350741708,620.2416772139899,926.259637463202,1546.501314677192,1.1368683772161605e-13,08ad55a129c188b78a6bf379ee5514cf466d54acf150f52d0326740697aa261f
2025-08-31T19:30:00,2025-08-31,242,117,19:30-19:40,q4_3,B1,FORMAL_FROZEN,q4-inheritance-v2,delivery,242,116,673.9090833333333,673.9090833333335,673.9090833333335,1.6438,1.6438,937.9083333333332,0.0,673.9090833333335,0.0,0.0,0.0,0.0,0.0,86.96183333333323,0.0,86.96183333333323,0.0,177.03741666666662,673.9090833333335,6988.645350741708,6802.031528162068,6802.031528162068,1107.7717511833334,714.7393081666658,1822.5110593499992,5.684341886080803e-14,08ad55a129c188b78a6bf379ee5514cf466d54acf150f52d0326740697aa261f
2025-08-31T19:40:00,2025-08-31,242,118,19:40-19:50,q4_3,B1,FORMAL_FROZEN,q4-inheritance-v2,delivery,242,117,115.44391916666666,115.44391916666667,115.44391916666667,1.6521,1.6521,943.0926666666666,0.0,115.44391916666667,0.0,0.0,0.0,0.0,0.0,60.03041083333324,0.0,60.03041083333324,0.0,767.6183366666667,115.44391916666667,6802.031528162068,5992.890755636531,5992.890755636531,190.72489885525,495.8812086887492,686.6061075439992,1.4210854715202004e-14,08ad55a129c188b78a6bf379ee5514cf466d54acf150f52d0326740697aa261f
2025-08-31T19:50:00,2025-08-31,242,119,19:50-20:00,q4_3,B1,FORMAL_FROZEN,q4-inheritance-v2,delivery,242,118,129.34073750000005,129.34073750000007,129.34073750000007,1.6566,1.6566,929.2317,0.0002833333333333,129.34073750000007,0.0,0.0,0.0002833333333333,0.0,0.0,62.96093583333345,0.0,62.96093583333345,0.0,736.9297433333331,129.34073750000007,5992.890755636531,5216.098600817659,5216.098600817659,214.26586574250013,521.505431507501,735.7712972500012,1.1368683772161605e-13,08ad55a129c188b78a6bf379ee5514cf466d54acf150f52d0326740697aa261f
2025-08-31T20:00:00,2025-08-31,242,120,20:00-20:10,q4_3,B1,FORMAL_FROZEN,q4-inheritance-v2,delivery,242,119,90.8705,90.87049999999998,90.87049999999998,1.6608,1.6608,917.4133333333332,0.0,90.87049999999998,0.0,0.0,0.0,0.0,0.0,92.15624999999976,0.0,92.15624999999976,0.0,734.3865833333334,90.87049999999998,5216.098600817659,4441.987172016864,4441.987172016864,150.91772639999996,765.2654999999982,916.183226399998,1.4210854715202004e-14,08ad55a129c188b78a6bf379ee5514cf466d54acf150f52d0326740697aa261f
2025-08-31T20:10:00,2025-08-31,242,121,20:10-20:20,q4_3,B1,FORMAL_FROZEN,q4-inheritance-v2,delivery,242,120,82.92893749999996,82.92893749999995,82.92893749999995,1.6679,1.6679,956.3599833333332,0.0,82.92893749999995,0.0,0.0,0.0,0.0,0.0,139.44287916666644,0.0,139.44287916666644,0.0,733.9881666666669,82.92893749999995,4441.987172016864,3668.2957112575486,3668.2957112575486,138.3171748562499,1162.8838908104146,1301.2010656666646,0.0,08ad55a129c188b78a6bf379ee5514cf466d54acf150f52d0326740697aa261f
2025-08-31T20:20:00,2025-08-31,242,122,20:20-20:30,q4_3,B1,FORMAL_FROZEN,q4-inheritance-v2,delivery,242,121,69.94321500000001,69.94321500000002,69.94321500000002,1.6021,1.6021,955.7832833333332,0.0,69.94321500000002,0.0,0.0,0.0,0.0,0.0,112.8755716666667,0.0,112.8755716666667,0.0,772.9644966666666,69.94321500000002,3668.2957112575486,2853.5195912867835,2853.5195912867835,112.05602475150005,904.1897668358336,1016.2457915873338,1.4210854715202004e-14,08ad55a129c188b78a6bf379ee5514cf466d54acf150f52d0326740697aa261f
2025-08-31T20:30:00,2025-08-31,242,123,20:30-20:40,q4_3,B1,FORMAL_FROZEN,q4-inheritance-v2,delivery,242,122,72.55308333333346,72.55308333333345,72.55308333333345,1.5696,1.5696,931.1483333333332,0.0,72.55308333333345,0.0,0.0,0.0,0.0,0.0,63.47558324691647,0.0,63.47558324691647,0.0,795.1196667530834,72.55308333333345,2853.5195912867835,2015.3898715088492,2015.3898715088492,113.8793196000002,498.1563773218005,612.0356969218008,1.4210854715202004e-14,08ad55a129c188b78a6bf379ee5514cf466d54acf150f52d0326740697aa261f
2025-08-31T20:40:00,2025-08-31,242,124,20:40-20:50,q4_3,B1,FORMAL_FROZEN,q4-inheritance-v2,delivery,242,123,134.13411666666673,134.13411666666676,134.13411666666676,1.7034,1.7034,980.85955,0.0,134.13411666666676,0.0,0.0,0.0,0.0,0.0,89.33197333333305,0.0,89.33197333333305,0.0,757.3934600000001,134.13411666666676,2015.3898715088492,1217.0270653369716,1217.0270653369716,228.4840543300002,760.8404168799975,989.3244712099976,2.8421709430404014e-14,08ad55a129c188b78a6bf379ee5514cf466d54acf150f52d0326740697aa261f
2025-08-31T20:50:00,2025-08-31,242,125,20:50-21:00,q4_3,B1,FORMAL_FROZEN,q4-inheritance-v2,delivery,242,124,867.4579733333335,885.736305,885.736305,1.4694,1.4694,977.45885,0.0,885.736305,0.0,0.0,0.0,0.0,0.0,75.56925250000012,0.0,75.56925250000012,0.0,16.153292499999843,885.736305,1217.0270653369716,1200.0,1200.0,1314.9300168425,555.207298117501,1870.1373149600008,5.684341886080803e-14,08ad55a129c188b78a6bf379ee5514cf466d54acf150f52d0326740697aa261f
2025-08-31T21:00:00,2025-08-31,242,126,21:00-21:10,q4_3,B1,FORMAL_FROZEN,q4-inheritance-v2,delivery,242,125,957.4466666666664,957.4466666666664,957.4466666666664,0.9882,0.9882,899.6216666666666,0.0,899.6216666666666,57.8249999999997,0.0,0.0,0.0,0.0,0.0,0.0,0.0,57.8249999999997,0.0,957.4466666666664,1200.0,1254.8576117097707,1312.0230367026102,946.1487959999996,0.0,946.1487959999996,2.8421709430404014e-14,08ad55a129c188b78a6bf379ee5514cf466d54acf150f52d0326740697aa261f
2025-08-31T21:10:00,2025-08-31,242,127,21:10-21:20,q4_3,B1,FORMAL_FROZEN,q4-inheritance-v2,delivery,242,126,1541.0735425,1541.0735425,1541.0735425,0.9489,0.9489,863.1483333333333,0.0,863.1483333333333,677.9252091666667,0.0,0.0,0.0,0.0,0.0,0.0,0.0,677.9252091666667,0.0,1541.0735425,1254.8576117097707,1897.9939349735885,1990.5694150420948,1462.32468447825,0.0,1462.32468447825,0.0,08ad55a129c188b78a6bf379ee5514cf466d54acf150f52d0326740697aa261f
2025-08-31T21:20:00,2025-08-31,242,128,21:20-21:30,q4_3,B1,FORMAL_FROZEN,q4-inheritance-v2,delivery,242,127,891.364189722222,891.3641897222222,891.3641897222222,1.0369,1.0369,876.2362499999999,0.0,876.2362499999999,15.127939722222322,0.0,0.0,0.0,0.0,0.0,0.0,0.0,15.127939722222322,0.0,891.3641897222222,1897.9939349735885,1912.345558721976,2078.410461157883,924.2555283229724,0.0,924.2555283229724,3.7303493627405266e-14,08ad55a129c188b78a6bf379ee5514cf466d54acf150f52d0326740697aa261f
2025-08-31T21:30:00,2025-08-31,242,129,21:30-21:40,q4_3,B1,FORMAL_FROZEN,q4-inheritance-v2,delivery,242,128,855.5040833333334,855.5040833333336,855.5040833333336,1.0661,1.0661,929.7833333333332,0.0,855.5040833333336,0.0,0.0,0.0,0.0,0.0,74.2792499999997,0.0,74.2792499999997,0.0,0.0,855.5040833333336,1912.345558721976,1912.345558721976,2078.410461157883,912.0529032416672,395.9455421249985,1307.9984453666657,0.0,08ad55a129c188b78a6bf379ee5514cf466d54acf150f52d0326740697aa261f
2025-08-31T21:40:00,2025-08-31,242,130,21:40-21:50,q4_3,B1,FORMAL_FROZEN,q4-inheritance-v2,delivery,242,129,150.8839949999999,150.8839949999999,150.8839949999999,1.1276,1.1276,988.0169,0.0,150.8839949999999,0.0,0.0,0.0,0.0,0.0,215.83516308333367,0.0,215.83516308333367,0.0,621.2977419166663,150.8839949999999,1912.345558721976,1257.4402355299314,1257.4402355299314,170.13679276199989,1216.8786494638352,1387.0154422258352,0.0,08ad55a129c188b78a6bf379ee5514cf466d54acf150f52d0326740697aa261f
2025-08-31T21:50:00,2025-08-31,242,131,21:50-22:00,q4_3,B1,FORMAL_FROZEN,q4-inheritance-v2,delivery,242,130,853.3308958333334,853.3308958333336,853.3308958333336,0.8953,0.8953,876.11985,0.0,853.3308958333336,0.0,0.0,0.0,0.0,0.0,22.788954166666485,0.0,22.788954166666485,0.0,0.0,853.3308958333336,1257.4402355299314,1257.4402355299314,1305.6581606731274,763.9871510395835,102.01475332708252,866.001904366666,0.0,08ad55a129c188b78a6bf379ee5514cf466d54acf150f52d0326740697aa261f
2025-08-31T22:00:00,2025-08-31,242,132,22:00-22:10,q4_3,B1,FORMAL_FROZEN,q4-inheritance-v2,delivery,242,131,1395.150583333333,1395.150583333333,1395.150583333333,0.515,0.515,686.0233333333333,0.0,686.0233333333333,709.1272499999998,0.0,0.0,0.0,0.0,0.0,0.0,0.0,709.1272499999998,0.0,1395.150583333333,1257.4402355299314,1930.1774137974223,1995.3026936215333,718.5025504166665,0.0,718.5025504166665,1.1368683772161605e-13,08ad55a129c188b78a6bf379ee5514cf466d54acf150f52d0326740697aa261f
2025-08-31T22:10:00,2025-08-31,242,133,22:10-22:20,q4_3,B1,FORMAL_FROZEN,q4-inheritance-v2,delivery,242,132,1419.8178483333334,1419.8178483333334,1419.8178483333334,0.5032,0.5032,698.3236666666667,0.0,698.3236666666667,721.4941816666667,0.0,0.0,0.0,0.0,0.0,0.0,0.0,721.4941816666667,0.0,1419.8178483333334,1930.1774137974223,2614.6468935852126,2731.650362211778,714.4523412813334,0.0,714.4523412813334,2.273736754432321e-13,08ad55a129c188b78a6bf379ee5514cf466d54acf150f52d0326740697aa261f
2025-08-31T22:20:00,2025-08-31,242,134,22:20-22:30,q4_3,B1,FORMAL_FROZEN,q4-inheritance-v2,delivery,242,133,0.0,0.0,0.0,0.5516,0.5516,749.0507833333332,0.0,0.0,0.0,0.0,0.0,0.0,0.0,169.43426566666653,0.0,169.43426566666653,0.0,579.6165176666667,0.0,2614.6468935852126,2003.677438491249,2003.677438491249,0.0,467.2997047086663,467.2997047086663,0.0,08ad55a129c188b78a6bf379ee5514cf466d54acf150f52d0326740697aa261f
2025-08-31T22:30:00,2025-08-31,242,135,22:30-22:40,q4_3,B1,FORMAL_FROZEN,q4-inheritance-v2,delivery,242,134,664.8990833333335,664.8990833333334,664.8990833333334,0.5114,0.5114,726.1083333333332,0.0,664.8990833333334,0.0,0.0,0.0,0.0,0.0,0.0,0.0,0.0,0.0,61.20924999999989,664.8990833333334,2003.677438491249,1939.1572238676956,1933.7433166724409,340.02939121666674,0.0,340.02939121666674,1.1368683772161605e-13,08ad55a129c188b78a6bf379ee5514cf466d54acf150f52d0326740697aa261f
2025-08-31T22:40:00,2025-08-31,242,136,22:40-22:50,q4_3,B1,FORMAL_FROZEN,q4-inheritance-v2,delivery,242,135,1412.2082208333331,1412.2082208333331,1412.2082208333331,0.5386,0.5386,690.9192333333333,0.0,690.9192333333333,721.2889874999998,0.0,0.0,0.0,0.0,0.0,0.0,0.0,721.2889874999998,0.0,1412.2082208333331,1939.1572238676956,2623.432039376711,2606.9709922295683,760.6153477408332,0.0,760.6153477408332,1.1368683772161605e-13,08ad55a129c188b78a6bf379ee5514cf466d54acf150f52d0326740697aa261f
2025-08-31T22:50:00,2025-08-31,242,137,22:50-23:00,q4_3,B1,FORMAL_FROZEN,q4-inheritance-v2,delivery,242,136,1411.4877574999998,1411.4877575,1411.4877575,0.5283,0.5283,727.6178499999999,0.0,727.6178499999999,683.8699075000002,0.0,0.0,0.0,0.0,0.0,0.0,0.0,683.8699075000002,0.0,1411.4877575,2623.432039376711,3272.207998661311,3325.0126022693066,745.6889822872502,0.0,745.6889822872502,1.1368683772161605e-13,08ad55a129c188b78a6bf379ee5514cf466d54acf150f52d0326740697aa261f
2025-08-31T23:00:00,2025-08-31,242,138,23:00-23:10,q4_3,B1,FORMAL_FROZEN,q4-inheritance-v2,delivery,242,137,644.3146666666665,644.3146666666665,644.3146666666665,0.478,0.478,786.6516666666666,0.0,644.3146666666665,0.0,0.0,0.0,0.0,0.0,142.3370000000001,0.0,142.3370000000001,0.0,0.0,644.3146666666665,3272.207998661311,3272.207998661311,3326.3765716810785,307.98241066666657,340.1854300000002,648.1678406666667,0.0,08ad55a129c188b78a6bf379ee5514cf466d54acf150f52d0326740697aa261f
2025-08-31T23:10:00,2025-08-31,242,139,23:10-23:20,q4_3,B1,FORMAL_FROZEN,q4-inheritance-v2,delivery,242,138,669.8780883333334,669.8780883333334,669.8780883333334,0.5091,0.5091,745.4220999999999,0.0,669.8780883333334,0.0,0.0,0.0,0.0,0.0,75.5440116666665,0.0,75.5440116666665,0.0,0.0,669.8780883333334,3272.207998661311,3272.207998661311,3331.1634125681608,341.0349347705,192.2972816974996,533.3322164679996,0.0,08ad55a129c188b78a6bf379ee5514cf466d54acf150f52d0326740697aa261f
2025-08-31T23:20:00,2025-08-31,242,140,23:20-23:30,q4_3,B1,FORMAL_FROZEN,q4-inheritance-v2,delivery,242,139,695.85198,695.8519800000001,695.8519800000001,0.5539,0.5539,731.7648333333333,0.0,695.8519800000001,0.0,0.0,0.0,0.0,0.0,35.912853333333146,0.0,35.912853333333146,0.0,0.0,695.8519800000001,3272.207998661311,3272.207998661311,3331.1634125681608,385.4324117220001,99.46064730666616,484.89305902866624,0.0,08ad55a129c188b78a6bf379ee5514cf466d54acf150f52d0326740697aa261f
2025-08-31T23:30:00,2025-08-31,242,141,23:30-23:40,q4_3,B1,FORMAL_FROZEN,q4-inheritance-v2,delivery,242,140,664.7983333333333,664.7983333333333,664.7983333333333,0.5549,0.5549,766.3416666666667,0.0,664.7983333333333,0.0,0.0,0.0,0.0,0.0,101.5433333333334,0.0,101.5433333333334,0.0,0.0,664.7983333333333,3272.207998661311,3272.207998661311,3278.126043016001,368.8965951666666,281.7319783333336,650.6285735000001,0.0,08ad55a129c188b78a6bf379ee5514cf466d54acf150f52d0326740697aa261f
2025-08-31T23:40:00,2025-08-31,242,142,23:40-23:50,q4_3,B1,FORMAL_FROZEN,q4-inheritance-v2,delivery,242,141,0.0,0.0,0.0,0.5183,0.5183,734.7426166666667,0.0,0.0,0.0,0.0,0.0,0.0,0.0,54.87276249999934,0.0,54.87276249999934,0.0,679.8698541666673,0.0,3272.207998661311,2555.562248110249,2555.562248110249,0.0,142.2027640187483,142.2027640187483,0.0,08ad55a129c188b78a6bf379ee5514cf466d54acf150f52d0326740697aa261f
2025-08-31T23:50:00,2025-08-31,242,143,23:50-0:00+1,q4_3,B1,FORMAL_FROZEN,q4-inheritance-v2,delivery,242,142,281.4952671666667,281.4952671666667,281.4952671666667,0.4663,0.4663,666.8635666666667,0.0,281.4952671666667,0.0,0.0,0.0,0.0,0.0,0.0,0.0,0.0,0.0,385.3682995,281.4952671666667,2555.562248110249,2149.3483932949403,2099.905910476943,131.2612430798167,0.0,131.2612430798167,1.7053025658242404e-13,08ad55a129c188b78a6bf379ee5514cf466d54acf150f52d0326740697aa261f
