model,target,mae_kw,rmse_kw,nmae
persistence,load,649.8898444194942,1128.2932646444863,0.14076701803399205
persistence,pv,185.34649152736193,375.17487813659034,0.077914208772967
persistence,net,744.0945281749002,1187.1266278929907,0.2479540822303157
seasonal_naive_7d,load,176.79572117223887,244.28661499529926,0.03829419198389717
seasonal_naive_7d,pv,214.68823137890885,419.94796823029213,0.09024861243886008
seasonal_naive_7d,net,327.7708114624917,486.4685254107146,0.10922283078389317
causal_ensemble,load,329.8029900637268,490.67968733789183,0.07143577307541096
causal_ensemble,pv,169.91086636518628,327.812183300991,0.07142552635164653
causal_ensemble,net,409.8320761455215,589.7396216282317,0.1365680467486543
